customerid,predicted_churn,churn_probability
1,0,0.25
2,0,0.32
3,0,0.32
4,0,0.42
5,0,0.43
6,0,0.43
7,0,0.37
8,0,0.33
9,0,0.4
10,0,0.35
11,0,0.29
12,0,0.34
13,0,0.42
14,0,0.43
15,0,0.36
16,0,0.45
17,0,0.41
18,0,0.44
19,0,0.31
20,0,0.38
21,0,0.44
22,0,0.33
23,0,0.33
24,0,0.38
25,0,0.38
26,0,0.31
27,0,0.43
28,0,0.26
29,0,0.41
30,0,0.33
31,0,0.42
32,1,0.6
33,0,0.32
34,0,0.33
35,1,0.51
36,0,0.42
37,0,0.41
38,0,0.38
39,0,0.4
40,0,0.43
41,0,0.31
42,0,0.41
43,0,0.4
44,0,0.4
45,0,0.34
46,0,0.4
47,0,0.31
48,0,0.47
49,0,0.41
50,0,0.39
51,0,0.48
52,0,0.37
53,0,0.46
54,0,0.45
55,0,0.38
56,0,0.42
57,0,0.41
58,0,0.46
59,0,0.33
60,0,0.44
61,0,0.43
62,0,0.39
63,0,0.43
64,0,0.31
65,0,0.47
66,0,0.49
67,0,0.43
68,0,0.35
69,0,0.41
70,0,0.4
71,0,0.33
72,0,0.41
73,0,0.45
74,0,0.42
75,0,0.33
76,0,0.44
77,0,0.37
78,0,0.26
79,0,0.42
80,0,0.42
81,0,0.46
82,0,0.32
83,0,0.41
84,0,0.42
85,0,0.41
86,0,0.45
87,0,0.34
88,0,0.41
89,0,0.42
90,0,0.38
91,0,0.36
92,1,0.55
93,0,0.39
94,0,0.47
95,0,0.42
96,0,0.36
97,0,0.38
98,0,0.32
99,0,0.41
100,0,0.4
101,0,0.33
102,0,0.32
103,0,0.43
104,1,0.5
105,0,0.45
106,0,0.29
107,0,0.44
108,0,0.41
109,0,0.45
110,0,0.44
111,0,0.41
112,0,0.36
113,0,0.44
114,0,0.49
115,0,0.37
116,1,0.53
117,0,0.38
118,0,0.46
119,0,0.38
120,0,0.34
121,0,0.4
122,0,0.28
123,0,0.46
124,0,0.26
125,0,0.33
126,0,0.39
127,0,0.46
128,0,0.44
129,0,0.33
130,0,0.49
131,0,0.35
132,0,0.3
133,0,0.39
134,0,0.25
135,0,0.27
136,0,0.41
137,0,0.32
138,0,0.42
139,0,0.42
140,1,0.53
141,0,0.41
142,0,0.35
143,0,0.41
144,0,0.37
145,1,0.56
146,0,0.44
147,0,0.35
148,0,0.37
149,0,0.33
150,0,0.31
151,0,0.31
152,0,0.49
153,0,0.44
154,0,0.38
155,0,0.29
156,0,0.33
157,0,0.34
158,0,0.38
159,0,0.3
160,0,0.32
161,0,0.29
162,0,0.35
163,0,0.46
164,0,0.37
165,0,0.33
166,0,0.43
167,0,0.46
168,0,0.4
169,0,0.48
170,0,0.34
171,0,0.43
172,1,0.51
173,0,0.32
174,0,0.43
175,0,0.35
176,0,0.34
177,0,0.4
178,0,0.49
179,0,0.37
180,0,0.42
181,0,0.26
182,0,0.34
183,0,0.38
184,0,0.33
185,0,0.34
186,0,0.32
187,0,0.3
188,0,0.29
189,0,0.31
190,0,0.34
191,0,0.42
192,1,0.5
193,0,0.43
194,0,0.45
195,0,0.43
196,0,0.38
197,0,0.36
198,0,0.44
199,0,0.45
200,0,0.32
201,0,0.38
202,0,0.33
203,0,0.43
204,0,0.34
205,0,0.44
206,0,0.4
207,0,0.36
208,0,0.44
209,0,0.38
210,0,0.42
211,0,0.37
212,0,0.26
213,0,0.42
214,0,0.35
215,0,0.41
216,0,0.36
217,0,0.41
218,0,0.37
219,0,0.39
220,0,0.37
221,0,0.44
222,0,0.43
223,0,0.33
224,0,0.29
225,0,0.33
226,0,0.32
227,0,0.34
228,0,0.36
229,0,0.37
230,0,0.42
231,0,0.42
232,0,0.41
233,0,0.46
234,0,0.44
235,0,0.34
236,0,0.34
237,0,0.33
238,0,0.3
239,0,0.47
240,0,0.34
241,0,0.39
242,0,0.44
243,0,0.36
244,0,0.43
245,0,0.47
246,1,0.55
247,0,0.37
248,0,0.4
249,0,0.34
250,0,0.42
251,0,0.41
252,0,0.43
253,0,0.44
254,0,0.33
255,0,0.37
256,0,0.39
257,0,0.43
258,0,0.43
259,0,0.31
260,0,0.49
261,0,0.43
262,0,0.45
263,0,0.4
264,0,0.31
265,0,0.45
266,0,0.39
267,0,0.39
268,0,0.4
269,0,0.43
270,0,0.44
271,0,0.41
272,0,0.37
273,0,0.32
274,0,0.41
275,0,0.43
276,0,0.46
277,0,0.42
278,1,0.5
279,0,0.31
280,0,0.27
281,0,0.26
282,0,0.31
283,0,0.26
284,0,0.39
285,0,0.39
286,0,0.33
287,0,0.32
288,0,0.45
289,0,0.41
290,0,0.3
291,0,0.44
292,0,0.34
293,0,0.34
294,1,0.52
295,0,0.33
296,0,0.32
297,0,0.38
298,0,0.45
299,0,0.36
300,0,0.48
301,0,0.32
302,1,0.57
303,1,0.56
304,0,0.39
305,0,0.42
306,0,0.4
307,0,0.45
308,0,0.38
309,0,0.47
310,0,0.42
311,0,0.32
312,0,0.37
313,0,0.45
314,0,0.47
315,0,0.46
316,0,0.43
317,0,0.44
318,0,0.44
319,0,0.41
320,0,0.39
321,0,0.41
322,0,0.38
323,0,0.34
324,0,0.31
325,0,0.38
326,0,0.42
327,0,0.41
328,1,0.54
329,1,0.53
330,0,0.42
331,0,0.35
332,0,0.3
333,0,0.44
334,0,0.39
335,0,0.47
336,0,0.4
337,0,0.44
338,0,0.41
339,0,0.4
340,0,0.4
341,1,0.52
342,0,0.38
343,0,0.39
344,0,0.42
345,0,0.38
346,1,0.54
347,1,0.54
348,0,0.43
349,0,0.35
350,0,0.42
351,0,0.35
352,0,0.34
353,1,0.52
354,0,0.49
355,0,0.48
356,0,0.38
357,0,0.46
358,0,0.42
359,1,0.57
360,0,0.42
361,0,0.33
362,0,0.42
363,0,0.38
364,0,0.42
365,0,0.33
366,1,0.51
367,0,0.33
368,0,0.32
369,0,0.42
370,0,0.45
371,0,0.35
372,1,0.5
373,0,0.38
374,0,0.4
375,0,0.4
376,0,0.42
377,0,0.26
378,0,0.36
379,0,0.39
380,0,0.35
381,0,0.39
382,0,0.32
383,1,0.5
384,1,0.53
385,0,0.44
386,0,0.49
387,0,0.42
388,0,0.36
389,0,0.45
390,0,0.25
391,0,0.39
392,0,0.41
393,0,0.42
394,0,0.39
395,0,0.46
396,0,0.42
397,0,0.45
398,0,0.34
399,1,0.52
400,0,0.36
401,0,0.35
402,0,0.33
403,0,0.42
404,0,0.37
405,0,0.4
406,0,0.44
407,0,0.4
408,0,0.42
409,0,0.33
410,0,0.33
411,1,0.52
412,0,0.43
413,0,0.35
414,0,0.41
415,0,0.43
416,0,0.3
417,0,0.42
418,0,0.38
419,0,0.33
420,1,0.55
421,0,0.29
422,0,0.35
423,0,0.4
424,0,0.42
425,0,0.32
426,1,0.51
427,0,0.44
428,0,0.4
429,0,0.34
430,0,0.37
431,0,0.42
432,0,0.39
433,0,0.31
434,0,0.3
435,0,0.38
436,0,0.35
437,0,0.35
438,0,0.45
439,0,0.4
440,0,0.36
441,0,0.37
442,0,0.43
443,0,0.42
444,0,0.31
445,0,0.41
446,0,0.41
447,0,0.49
448,0,0.39
449,0,0.44
450,0,0.43
451,0,0.41
452,0,0.44
453,0,0.37
454,0,0.37
455,0,0.42
456,0,0.37
457,0,0.39
458,0,0.36
459,0,0.34
460,0,0.49
461,0,0.29
462,0,0.35
463,1,0.53
464,0,0.47
465,0,0.46
466,0,0.44
467,0,0.41
468,0,0.4
469,0,0.43
470,0,0.29
471,1,0.55
472,0,0.36
473,0,0.32
474,0,0.33
475,1,0.5
476,0,0.35
477,0,0.46
478,0,0.41
479,1,0.51
480,0,0.3
481,0,0.33
482,0,0.38
483,0,0.44
484,0,0.44
485,0,0.39
486,0,0.37
487,0,0.37
488,0,0.4
489,0,0.34
490,0,0.48
491,0,0.41
492,0,0.32
493,0,0.49
494,1,0.5
495,0,0.32
496,0,0.34
497,0,0.33
498,0,0.43
499,0,0.48
500,0,0.42
501,0,0.4
502,0,0.43
503,0,0.39
504,0,0.38
505,0,0.4
506,0,0.41
507,0,0.37
508,1,0.54
509,0,0.42
510,0,0.33
511,0,0.41
512,0,0.42
513,0,0.49
514,0,0.4
515,0,0.38
516,0,0.42
517,0,0.33
518,0,0.48
519,0,0.46
520,0,0.33
521,0,0.43
522,1,0.51
523,0,0.39
524,0,0.34
525,0,0.39
526,0,0.41
527,0,0.46
528,0,0.41
529,0,0.35
530,0,0.42
531,0,0.36
532,0,0.43
533,0,0.44
534,0,0.45
535,0,0.48
536,0,0.43
537,0,0.39
538,0,0.32
539,0,0.41
540,0,0.41
541,0,0.45
542,0,0.35
543,0,0.33
544,0,0.41
545,0,0.28
546,0,0.38
547,0,0.39
548,0,0.45
549,0,0.42
550,0,0.32
551,0,0.45
552,0,0.45
553,0,0.41
554,0,0.34
555,0,0.39
556,0,0.37
557,0,0.33
558,0,0.38
559,0,0.32
560,0,0.32
561,0,0.41
562,0,0.34
563,0,0.35
564,0,0.42
565,0,0.25
566,0,0.37
567,0,0.37
568,0,0.36
569,0,0.39
570,0,0.3
571,0,0.42
572,1,0.53
573,0,0.33
574,0,0.4
575,0,0.45
576,0,0.39
577,0,0.37
578,0,0.32
579,0,0.43
580,0,0.34
581,0,0.33
582,0,0.49
583,1,0.57
584,0,0.32
585,0,0.35
586,1,0.56
587,0,0.39
588,0,0.33
589,0,0.42
590,0,0.4
591,0,0.45
592,0,0.4
593,0,0.37
594,0,0.33
595,0,0.37
596,0,0.34
597,0,0.31
598,0,0.32
599,0,0.41
600,0,0.44
601,0,0.31
602,0,0.34
603,0,0.38
604,0,0.44
605,0,0.37
606,0,0.39
607,0,0.41
608,0,0.39
609,0,0.45
610,0,0.45
611,0,0.3
612,0,0.3
613,0,0.44
614,0,0.49
615,0,0.41
616,0,0.3
617,0,0.23
618,0,0.44
619,0,0.39
620,0,0.43
621,0,0.45
622,0,0.39
623,0,0.38
624,0,0.4
625,0,0.31
626,0,0.37
627,0,0.32
628,0,0.45
629,0,0.46
630,0,0.43
631,0,0.49
632,0,0.4
633,0,0.4
634,0,0.37
635,0,0.37
636,0,0.45
637,0,0.37
638,0,0.38
639,0,0.43
640,0,0.39
641,0,0.43
642,0,0.38
643,1,0.53
644,0,0.43
645,0,0.27
646,0,0.41
647,0,0.38
648,0,0.41
649,1,0.61
650,0,0.46
651,0,0.45
652,0,0.49
653,0,0.35
654,0,0.35
655,0,0.44
656,0,0.47
657,0,0.41
658,0,0.45
659,0,0.34
660,0,0.37
661,0,0.32
662,0,0.31
663,0,0.33
664,0,0.43
665,0,0.42
666,0,0.47
667,0,0.46
668,0,0.46
669,0,0.35
670,0,0.36
671,0,0.41
672,0,0.4
673,0,0.49
674,0,0.33
675,0,0.47
676,0,0.47
677,0,0.42
678,0,0.29
679,1,0.5
680,0,0.43
681,0,0.44
682,0,0.35
683,0,0.33
684,0,0.47
685,0,0.45
686,0,0.31
687,0,0.41
688,0,0.48
689,0,0.46
690,0,0.37
691,0,0.32
692,0,0.35
693,0,0.42
694,0,0.48
695,1,0.56
696,0,0.32
697,0,0.37
698,0,0.31
699,0,0.45
700,0,0.39
701,0,0.4
702,0,0.37
703,0,0.34
704,0,0.33
705,0,0.31
706,0,0.33
707,0,0.39
708,0,0.41
709,0,0.36
710,0,0.39
711,0,0.33
712,0,0.34
713,0,0.42
714,0,0.35
715,0,0.43
716,0,0.43
717,0,0.36
718,0,0.33
719,0,0.31
720,0,0.45
721,0,0.34
722,0,0.42
723,1,0.53
724,0,0.35
725,0,0.43
726,0,0.49
727,0,0.33
728,0,0.46
729,0,0.42
730,0,0.38
731,0,0.43
732,0,0.32
733,0,0.34
734,0,0.4
735,0,0.39
736,0,0.32
737,0,0.38
738,0,0.42
739,0,0.48
740,0,0.41
741,0,0.4
742,0,0.46
743,0,0.46
744,0,0.42
745,0,0.26
746,0,0.46
747,0,0.46
748,1,0.54
749,0,0.41
750,0,0.39
751,0,0.3
752,0,0.42
753,0,0.38
754,0,0.32
755,1,0.54
756,0,0.4
757,0,0.44
758,0,0.35
759,0,0.32
760,0,0.4
761,0,0.32
762,0,0.38
763,0,0.41
764,0,0.38
765,0,0.44
766,0,0.3
767,0,0.34
768,0,0.32
769,0,0.37
770,0,0.33
771,0,0.33
772,0,0.4
773,0,0.33
774,1,0.52
775,0,0.39
776,0,0.45
777,0,0.28
778,0,0.46
779,0,0.43
780,0,0.34
781,0,0.36
782,0,0.25
783,0,0.32
784,0,0.34
785,0,0.41
786,0,0.47
787,0,0.36
788,0,0.34
789,0,0.34
790,0,0.4
791,0,0.37
792,0,0.41
793,0,0.3
794,0,0.34
795,0,0.23
796,0,0.34
797,0,0.36
798,0,0.31
799,0,0.33
800,0,0.4
801,0,0.43
802,0,0.46
803,0,0.4
804,0,0.4
805,0,0.43
806,0,0.4
807,0,0.31
808,0,0.44
809,0,0.42
810,0,0.49
811,0,0.41
812,0,0.42
813,0,0.37
814,0,0.39
815,1,0.52
816,0,0.31
817,1,0.51
818,0,0.4
819,0,0.39
820,0,0.4
821,0,0.42
822,0,0.45
823,0,0.43
824,0,0.26
825,0,0.41
826,0,0.38
827,1,0.52
828,0,0.28
829,0,0.39
830,0,0.35
831,0,0.43
832,0,0.37
833,0,0.36
834,0,0.4
835,1,0.54
836,0,0.41
837,0,0.37
838,0,0.29
839,0,0.38
840,0,0.43
841,0,0.44
842,0,0.43
843,0,0.33
844,0,0.3
845,1,0.53
846,0,0.32
847,0,0.4
848,0,0.31
849,0,0.4
850,0,0.4
851,0,0.45
852,0,0.39
853,0,0.34
854,0,0.26
855,0,0.44
856,0,0.41
857,0,0.39
858,0,0.33
859,0,0.42
860,0,0.39
861,0,0.36
862,0,0.39
863,0,0.41
864,1,0.52
865,0,0.39
866,1,0.51
867,0,0.43
868,0,0.32
869,0,0.38
870,0,0.32
871,0,0.42
872,0,0.41
873,0,0.44
874,0,0.37
875,0,0.44
876,0,0.3
877,0,0.37
878,0,0.38
879,0,0.38
880,0,0.34
881,0,0.47
882,1,0.58
883,0,0.42
884,0,0.45
885,0,0.42
886,0,0.33
887,0,0.48
888,0,0.42
889,0,0.4
890,0,0.42
891,0,0.37
892,0,0.42
893,0,0.45
894,0,0.27
895,0,0.39
896,0,0.38
897,0,0.45
898,0,0.43
899,0,0.42
900,0,0.42
901,0,0.34
902,0,0.45
903,0,0.38
904,0,0.4
905,0,0.41
906,0,0.47
907,0,0.28
908,0,0.28
909,0,0.3
910,0,0.45
911,0,0.42
912,0,0.43
913,0,0.43
914,0,0.33
915,0,0.43
916,1,0.53
917,0,0.46
918,0,0.39
919,0,0.36
920,0,0.38
921,0,0.42
922,0,0.33
923,0,0.34
924,0,0.4
925,0,0.43
926,0,0.36
927,1,0.52
928,0,0.32
929,0,0.42
930,0,0.33
931,0,0.32
932,0,0.4
933,0,0.44
934,1,0.52
935,0,0.31
936,1,0.53
937,0,0.46
938,0,0.43
939,0,0.46
940,0,0.32
941,0,0.36
942,0,0.32
943,0,0.34
944,0,0.39
945,0,0.41
946,0,0.46
947,0,0.33
948,0,0.42
949,0,0.44
950,0,0.35
951,0,0.49
952,0,0.37
953,0,0.33
954,0,0.29
955,0,0.39
956,0,0.31
957,0,0.43
958,0,0.28
959,0,0.33
960,0,0.34
961,0,0.41
962,0,0.4
963,0,0.4
964,0,0.39
965,0,0.38
966,0,0.45
967,0,0.31
968,0,0.34
969,0,0.41
970,1,0.52
971,1,0.53
972,0,0.43
973,0,0.4
974,1,0.58
975,0,0.39
976,0,0.44
977,0,0.45
978,0,0.36
979,0,0.42
980,0,0.34
981,0,0.4
982,0,0.39
983,0,0.38
984,1,0.5
985,0,0.44
986,0,0.48
987,0,0.31
988,0,0.33
989,0,0.36
990,0,0.35
991,0,0.4
992,0,0.43
993,0,0.33
994,0,0.32
995,0,0.31
996,0,0.36
997,0,0.38
998,1,0.58
999,0,0.44
1000,0,0.42
1001,0,0.49
1002,0,0.48
1003,0,0.46
1004,0,0.37
1005,0,0.39
1006,0,0.44
1007,0,0.38
1008,0,0.37
1009,0,0.36
1010,1,0.56
1011,0,0.31
1012,0,0.37
1013,0,0.45
1014,0,0.31
1015,0,0.29
1016,0,0.35
1017,0,0.42
1018,0,0.42
1019,0,0.26
1020,0,0.36
1021,0,0.36
1022,0,0.33
1023,1,0.5
1024,0,0.47
1025,0,0.38
1026,0,0.44
1027,0,0.45
1028,0,0.44
1029,0,0.33
1030,1,0.56
1031,0,0.41
1032,0,0.33
1033,0,0.47
1034,0,0.42
1035,0,0.4
1036,0,0.43
1037,0,0.45
1038,0,0.28
1039,0,0.39
1040,0,0.41
1041,0,0.45
1042,0,0.34
1043,0,0.33
1044,0,0.37
1045,0,0.27
1046,0,0.44
1047,0,0.37
1048,0,0.31
1049,0,0.35
1050,0,0.33
1051,0,0.44
1052,0,0.34
1053,0,0.42
1054,0,0.27
1055,0,0.42
1056,0,0.35
1057,0,0.45
1058,0,0.39
1059,1,0.54
1060,0,0.36
1061,0,0.36
1062,0,0.46
1063,0,0.32
1064,0,0.3
1065,0,0.29
1066,0,0.37
1067,0,0.42
1068,0,0.37
1069,0,0.43
1070,1,0.5
1071,0,0.46
1072,0,0.32
1073,0,0.3
1074,0,0.47
1075,0,0.32
1076,0,0.41
1077,0,0.44
1078,0,0.43
1079,0,0.43
1080,0,0.45
1081,0,0.35
1082,0,0.45
1083,0,0.26
1084,0,0.47
1085,0,0.41
1086,0,0.39
1087,0,0.48
1088,0,0.37
1089,0,0.41
1090,0,0.31
1091,0,0.43
1092,0,0.38
1093,0,0.39
1094,0,0.42
1095,0,0.39
1096,0,0.46
1097,0,0.43
1098,0,0.35
1099,0,0.4
1100,0,0.26
1101,0,0.28
1102,0,0.4
1103,0,0.32
1104,0,0.41
1105,0,0.38
1106,0,0.39
1107,0,0.41
1108,0,0.43
1109,0,0.43
1110,0,0.35
1111,0,0.43
1112,1,0.56
1113,0,0.41
1114,0,0.39
1115,0,0.36
1116,0,0.38
1117,0,0.39
1118,0,0.41
1119,0,0.43
1120,0,0.38
1121,0,0.28
1122,0,0.4
1123,0,0.31
1124,0,0.32
1125,0,0.32
1126,0,0.47
1127,0,0.4
1128,0,0.32
1129,0,0.36
1130,0,0.46
1131,0,0.36
1132,0,0.3
1133,0,0.46
1134,0,0.33
1135,0,0.36
1136,0,0.46
1137,0,0.42
1138,0,0.44
1139,0,0.34
1140,0,0.49
1141,0,0.4
1142,0,0.29
1143,0,0.4
1144,0,0.29
1145,0,0.25
1146,0,0.38
1147,0,0.39
1148,0,0.32
1149,1,0.53
1150,0,0.41
1151,0,0.37
1152,0,0.32
1153,0,0.26
1154,0,0.39
1155,0,0.43
1156,0,0.38
1157,0,0.41
1158,0,0.42
1159,0,0.4
1160,1,0.51
1161,0,0.41
1162,0,0.24
1163,0,0.38
1164,0,0.43
1165,0,0.39
1166,0,0.36
1167,0,0.28
1168,0,0.31
1169,0,0.33
1170,0,0.49
1171,0,0.45
1172,0,0.4
1173,0,0.42
1174,0,0.33
1175,0,0.32
1176,0,0.33
1177,0,0.47
1178,0,0.43
1179,0,0.37
1180,0,0.46
1181,0,0.35
1182,1,0.52
1183,0,0.37
1184,0,0.42
1185,0,0.38
1186,0,0.33
1187,0,0.38
1188,0,0.44
1189,0,0.39
1190,0,0.49
1191,0,0.42
1192,0,0.36
1193,1,0.5
1194,0,0.38
1195,0,0.29
1196,1,0.5
1197,0,0.4
1198,0,0.32
1199,0,0.38
1200,0,0.35
1201,0,0.4
1202,0,0.31
1203,0,0.43
1204,0,0.4
1205,0,0.31
1206,1,0.5
1207,0,0.4
1208,0,0.32
1209,0,0.45
1210,0,0.38
1211,0,0.31
1212,0,0.35
1213,0,0.36
1214,0,0.43
1215,0,0.34
1216,0,0.46
1217,0,0.41
1218,0,0.42
1219,0,0.36
1220,0,0.36
1221,0,0.32
1222,0,0.29
1223,0,0.41
1224,0,0.49
1225,0,0.39
1226,0,0.28
1227,0,0.44
1228,0,0.37
1229,0,0.44
1230,0,0.39
1231,0,0.41
1232,0,0.3
1233,0,0.39
1234,0,0.42
1235,0,0.41
1236,0,0.42
1237,0,0.47
1238,0,0.31
1239,0,0.39
1240,0,0.32
1241,0,0.36
1242,0,0.33
1243,0,0.35
1244,0,0.34
1245,0,0.32
1246,0,0.41
1247,0,0.44
1248,0,0.33
1249,0,0.44
1250,0,0.35
1251,0,0.39
1252,0,0.47
1253,0,0.32
1254,0,0.43
1255,0,0.42
1256,0,0.27
1257,0,0.38
1258,1,0.56
1259,0,0.42
1260,0,0.45
1261,0,0.3
1262,0,0.46
1263,0,0.33
1264,0,0.42
1265,0,0.41
1266,0,0.41
1267,1,0.53
1268,0,0.37
1269,0,0.44
1270,0,0.43
1271,0,0.42
1272,0,0.37
1273,0,0.32
1274,0,0.43
1275,0,0.41
1276,0,0.35
1277,0,0.43
1278,0,0.44
1279,0,0.34
1280,0,0.36
1281,0,0.46
1282,0,0.35
1283,0,0.35
1284,0,0.43
1285,0,0.43
1286,1,0.53
1287,0,0.48
1288,0,0.38
1289,0,0.42
1290,0,0.39
1291,0,0.38
1292,0,0.37
1293,0,0.37
1294,0,0.45
1295,0,0.23
1296,0,0.42
1297,0,0.44
1298,0,0.45
1299,0,0.31
1300,0,0.3
1301,0,0.45
1302,0,0.37
1303,0,0.43
1304,0,0.43
1305,0,0.4
1306,0,0.33
1307,0,0.45
1308,0,0.38
1309,0,0.4
1310,0,0.33
1311,0,0.39
1312,0,0.35
1313,0,0.38
1314,0,0.44
1315,0,0.43
1316,0,0.33
1317,0,0.31
1318,0,0.32
1319,0,0.27
1320,0,0.32
1321,0,0.38
1322,0,0.38
1323,0,0.37
1324,0,0.44
1325,0,0.33
1326,1,0.55
1327,0,0.39
1328,0,0.42
1329,0,0.33
1330,0,0.44
1331,0,0.3
1332,0,0.28
1333,0,0.43
1334,0,0.44
1335,1,0.5
1336,0,0.33
1337,0,0.36
1338,0,0.35
1339,0,0.33
1340,0,0.45
1341,0,0.35
1342,0,0.34
1343,0,0.3
1344,0,0.35
1345,0,0.35
1346,0,0.42
1347,0,0.39
1348,0,0.39
1349,0,0.39
1350,0,0.35
1351,0,0.4
1352,0,0.33
1353,0,0.38
1354,0,0.44
1355,0,0.38
1356,0,0.34
1357,0,0.37
1358,0,0.44
1359,0,0.31
1360,0,0.46
1361,0,0.45
1362,1,0.53
1363,0,0.44
1364,0,0.4
1365,0,0.41
1366,0,0.42
1367,0,0.4
1368,0,0.41
1369,0,0.38
1370,0,0.34
1371,0,0.36
1372,1,0.52
1373,0,0.38
1374,0,0.33
1375,0,0.42
1376,0,0.4
1377,0,0.41
1378,0,0.4
1379,0,0.38
1380,0,0.42
1381,0,0.41
1382,0,0.43
1383,0,0.4
1384,0,0.31
1385,0,0.34
1386,0,0.43
1387,0,0.38
1388,0,0.44
1389,0,0.33
1390,0,0.43
1391,0,0.39
1392,0,0.35
1393,0,0.35
1394,0,0.32
1395,0,0.43
1396,0,0.37
1397,0,0.41
1398,1,0.51
1399,0,0.33
1400,0,0.32
1401,0,0.35
1402,1,0.55
1403,0,0.35
1404,0,0.26
1405,0,0.35
1406,0,0.47
1407,0,0.43
1408,0,0.24
1409,0,0.43
1410,0,0.44
1411,1,0.61
1412,0,0.43
1413,0,0.31
1414,0,0.43
1415,0,0.39
1416,0,0.41
1417,0,0.36
1418,0,0.48
1419,0,0.4
1420,0,0.42
1421,0,0.41
1422,0,0.45
1423,0,0.45
1424,0,0.37
1425,0,0.41
1426,0,0.34
1427,0,0.41
1428,0,0.48
1429,0,0.32
1430,0,0.44
1431,0,0.34
1432,0,0.41
1433,0,0.35
1434,0,0.31
1435,0,0.42
1436,0,0.46
1437,1,0.54
1438,0,0.34
1439,0,0.35
1440,1,0.51
1441,0,0.3
1442,0,0.43
1443,0,0.42
1444,0,0.32
1445,0,0.43
1446,0,0.37
1447,0,0.32
1448,1,0.51
1449,0,0.36
1450,0,0.44
1451,0,0.3
1452,0,0.3
1453,0,0.49
1454,0,0.38
1455,0,0.35
1456,0,0.39
1457,0,0.36
1458,0,0.43
1459,0,0.32
1460,0,0.41
1461,0,0.46
1462,0,0.39
1463,0,0.35
1464,0,0.44
1465,0,0.29
1466,0,0.49
1467,0,0.3
1468,0,0.33
1469,0,0.39
1470,0,0.4
1471,0,0.3
1472,0,0.37
1473,0,0.34
1474,0,0.37
1475,0,0.44
1476,0,0.44
1477,0,0.33
1478,0,0.41
1479,0,0.42
1480,0,0.42
1481,0,0.43
1482,0,0.39
1483,0,0.44
1484,0,0.41
1485,0,0.43
1486,0,0.41
1487,0,0.34
1488,0,0.41
1489,0,0.33
1490,0,0.31
1491,0,0.42
1492,0,0.33
1493,0,0.42
1494,0,0.37
1495,0,0.3
1496,0,0.42
1497,0,0.34
1498,0,0.4
1499,0,0.43
1500,0,0.41
1501,0,0.39
1502,0,0.31
1503,0,0.35
1504,0,0.46
1505,0,0.31
1506,1,0.55
1507,0,0.39
1508,0,0.41
1509,0,0.41
1510,0,0.33
1511,0,0.42
1512,0,0.44
1513,0,0.33
1514,0,0.48
1515,0,0.42
1516,0,0.39
1517,0,0.36
1518,0,0.41
1519,0,0.32
1520,0,0.26
1521,0,0.35
1522,0,0.35
1523,0,0.35
1524,0,0.25
1525,0,0.43
1526,0,0.3
1527,1,0.52
1528,0,0.44
1529,0,0.27
1530,0,0.43
1531,1,0.54
1532,0,0.34
1533,0,0.32
1534,0,0.38
1535,0,0.43
1536,0,0.42
1537,0,0.39
1538,0,0.4
1539,0,0.43
1540,0,0.28
1541,0,0.41
1542,0,0.44
1543,0,0.42
1544,0,0.41
1545,0,0.31
1546,0,0.41
1547,0,0.42
1548,0,0.42
1549,0,0.32
1550,0,0.39
1551,1,0.5
1552,0,0.33
1553,0,0.37
1554,0,0.42
1555,0,0.36
1556,0,0.43
1557,1,0.53
1558,0,0.34
1559,0,0.38
1560,0,0.33
1561,0,0.37
1562,1,0.5
1563,0,0.26
1564,0,0.49
1565,0,0.48
1566,0,0.39
1567,0,0.4
1568,0,0.34
1569,0,0.47
1570,0,0.28
1571,0,0.36
1572,0,0.33
1573,1,0.5
1574,0,0.43
1575,0,0.32
1576,0,0.44
1577,1,0.5
1578,0,0.37
1579,0,0.25
1580,0,0.42
1581,0,0.44
1582,0,0.35
1583,0,0.37
1584,0,0.31
1585,1,0.51
1586,0,0.44
1587,0,0.44
1588,0,0.4
1589,0,0.44
1590,0,0.42
1591,0,0.42
1592,0,0.4
1593,0,0.42
1594,0,0.33
1595,0,0.41
1596,1,0.57
1597,0,0.42
1598,0,0.43
1599,0,0.36
1600,0,0.42
1601,1,0.57
1602,0,0.44
1603,0,0.38
1604,0,0.29
1605,0,0.41
1606,0,0.44
1607,0,0.45
1608,0,0.44
1609,0,0.4
1610,0,0.43
1611,0,0.38
1612,0,0.4
1613,0,0.4
1614,0,0.35
1615,0,0.39
1616,0,0.41
1617,0,0.41
1618,0,0.32
1619,0,0.41
1620,0,0.4
1621,0,0.28
1622,0,0.36
1623,0,0.4
1624,0,0.41
1625,0,0.4
1626,0,0.38
1627,0,0.3
1628,0,0.35
1629,0,0.42
1630,0,0.38
1631,0,0.46
1632,0,0.4
1633,0,0.43
1634,0,0.23
1635,0,0.37
1636,0,0.41
1637,0,0.41
1638,0,0.47
1639,0,0.38
1640,0,0.45
1641,0,0.3
1642,0,0.39
1643,0,0.35
1644,0,0.41
1645,0,0.4
1646,0,0.43
1647,0,0.39
1648,0,0.37
1649,0,0.42
1650,0,0.3
1651,1,0.5
1652,1,0.52
1653,0,0.37
1654,0,0.43
1655,0,0.32
1656,0,0.29
1657,0,0.43
1658,0,0.34
1659,0,0.42
1660,0,0.38
1661,0,0.41
1662,0,0.46
1663,0,0.42
1664,0,0.42
1665,0,0.43
1666,0,0.39
1667,0,0.29
1668,0,0.28
1669,0,0.45
1670,0,0.35
1671,0,0.49
1672,0,0.44
1673,0,0.37
1674,0,0.43
1675,0,0.34
1676,0,0.36
1677,1,0.51
1678,0,0.25
1679,0,0.44
1680,0,0.42
1681,0,0.42
1682,0,0.42
1683,0,0.37
1684,0,0.36
1685,0,0.32
1686,0,0.46
1687,0,0.32
1688,0,0.29
1689,0,0.39
1690,0,0.25
1691,0,0.42
1692,0,0.42
1693,0,0.39
1694,0,0.45
1695,0,0.25
1696,0,0.36
1697,0,0.47
1698,0,0.39
1699,0,0.37
1700,0,0.38
1701,0,0.42
1702,0,0.45
1703,0,0.38
1704,0,0.3
1705,1,0.5
1706,0,0.42
1707,0,0.42
1708,1,0.5
1709,0,0.48
1710,0,0.49
1711,0,0.45
1712,0,0.44
1713,0,0.32
1714,0,0.38
1715,0,0.41
1716,0,0.42
1717,0,0.26
1718,0,0.44
1719,0,0.4
1720,1,0.5
1721,1,0.54
1722,0,0.36
1723,0,0.35
1724,0,0.29
1725,1,0.52
1726,0,0.42
1727,0,0.31
1728,0,0.34
1729,0,0.43
1730,0,0.39
1731,0,0.33
1732,1,0.55
1733,0,0.42
1734,0,0.32
1735,0,0.28
1736,0,0.45
1737,0,0.33
1738,0,0.26
1739,0,0.42
1740,0,0.45
1741,0,0.39
1742,0,0.31
1743,1,0.52
1744,0,0.43
1745,0,0.42
1746,0,0.41
1747,0,0.45
1748,0,0.46
1749,0,0.41
1750,0,0.45
1751,0,0.41
1752,0,0.41
1753,0,0.34
1754,0,0.42
1755,0,0.35
1756,0,0.35
1757,0,0.46
1758,0,0.4
1759,0,0.44
1760,0,0.4
1761,0,0.37
1762,0,0.44
1763,0,0.4
1764,0,0.33
1765,0,0.38
1766,0,0.44
1767,0,0.36
1768,0,0.45
1769,0,0.35
1770,0,0.4
1771,0,0.48
1772,0,0.46
1773,0,0.47
1774,0,0.44
1775,0,0.34
1776,0,0.46
1777,1,0.54
1778,0,0.33
1779,0,0.43
1780,1,0.54
1781,0,0.39
1782,0,0.42
1783,1,0.51
1784,0,0.47
1785,0,0.33
1786,0,0.41
1787,0,0.38
1788,0,0.47
1789,0,0.42
1790,0,0.44
1791,0,0.36
1792,0,0.41
1793,0,0.41
1794,0,0.43
1795,0,0.4
1796,0,0.37
1797,0,0.32
1798,0,0.35
1799,0,0.34
1800,0,0.46
1801,0,0.23
1802,0,0.33
1803,0,0.27
1804,0,0.33
1805,0,0.35
1806,0,0.39
1807,0,0.34
1808,0,0.48
1809,0,0.33
1810,0,0.41
1811,0,0.41
1812,0,0.43
1813,0,0.38
1814,0,0.48
1815,0,0.33
1816,0,0.44
1817,0,0.32
1818,0,0.43
1819,0,0.35
1820,0,0.37
1821,0,0.26
1822,0,0.42
1823,0,0.33
1824,0,0.3
1825,0,0.44
1826,0,0.33
1827,0,0.42
1828,0,0.39
1829,0,0.36
1830,0,0.36
1831,0,0.35
1832,1,0.5
1833,0,0.49
1834,0,0.35
1835,1,0.53
1836,0,0.35
1837,0,0.38
1838,0,0.33
1839,0,0.42
1840,0,0.29
1841,0,0.46
1842,0,0.41
1843,0,0.43
1844,0,0.44
1845,0,0.39
1846,0,0.44
1847,0,0.39
1848,0,0.41
1849,0,0.39
1850,0,0.31
1851,1,0.53
1852,0,0.28
1853,0,0.39
1854,0,0.35
1855,0,0.43
1856,0,0.42
1857,1,0.5
1858,0,0.39
1859,0,0.3
1860,0,0.41
1861,0,0.44
1862,0,0.39
1863,0,0.48
1864,0,0.22
1865,1,0.53
1866,0,0.45
1867,0,0.42
1868,0,0.47
1869,0,0.25
1870,0,0.44
1871,0,0.35
1872,0,0.42
1873,0,0.38
1874,0,0.37
1875,0,0.42
1876,0,0.45
1877,0,0.43
1878,0,0.4
1879,0,0.34
1880,0,0.45
1881,1,0.51
1882,0,0.35
1883,0,0.33
1884,0,0.44
1885,0,0.3
1886,0,0.34
1887,0,0.39
1888,0,0.3
1889,0,0.31
1890,0,0.3
1891,0,0.32
1892,1,0.53
1893,0,0.48
1894,0,0.3
1895,0,0.41
1896,0,0.4
1897,0,0.41
1898,1,0.51
1899,1,0.52
1900,0,0.36
1901,0,0.34
1902,0,0.33
1903,0,0.4
1904,1,0.53
1905,0,0.39
1906,0,0.37
1907,0,0.41
1908,0,0.43
1909,0,0.43
1910,0,0.3
1911,0,0.27
1912,0,0.43
1913,0,0.43
1914,0,0.43
1915,0,0.33
1916,0,0.32
1917,0,0.43
1918,0,0.41
1919,0,0.33
1920,0,0.33
1921,0,0.38
1922,0,0.38
1923,0,0.32
1924,0,0.37
1925,0,0.4
1926,0,0.37
1927,0,0.43
1928,0,0.44
1929,0,0.35
1930,0,0.46
1931,0,0.34
1932,0,0.44
1933,0,0.33
1934,0,0.4
1935,0,0.47
1936,0,0.41
1937,0,0.38
1938,0,0.31
1939,0,0.32
1940,0,0.32
1941,0,0.37
1942,0,0.34
1943,0,0.42
1944,0,0.31
1945,0,0.24
1946,0,0.44
1947,0,0.4
1948,0,0.41
1949,0,0.47
1950,0,0.43
1951,0,0.43
1952,0,0.29
1953,0,0.38
1954,0,0.49
1955,0,0.48
1956,0,0.43
1957,0,0.42
1958,0,0.38
1959,0,0.32
1960,0,0.27
1961,0,0.39
1962,0,0.36
1963,0,0.37
1964,0,0.33
1965,0,0.38
1966,0,0.32
1967,1,0.52
1968,0,0.41
1969,0,0.43
1970,0,0.37
1971,0,0.43
1972,0,0.4
1973,0,0.33
1974,0,0.41
1975,0,0.34
1976,0,0.39
1977,1,0.58
1978,0,0.42
1979,0,0.39
1980,0,0.43
1981,0,0.47
1982,0,0.42
1983,0,0.32
1984,0,0.37
1985,0,0.41
1986,0,0.32
1987,0,0.4
1988,0,0.35
1989,0,0.44
1990,0,0.33
1991,0,0.36
1992,0,0.45
1993,0,0.34
1994,0,0.38
1995,0,0.38
1996,1,0.54
1997,0,0.41
1998,0,0.43
1999,0,0.31
2000,0,0.33
2001,0,0.43
2002,0,0.33
2003,0,0.38
2004,0,0.4
2005,0,0.37
2006,0,0.43
2007,0,0.3
2008,0,0.46
2009,1,0.54
2010,0,0.4
2011,0,0.46
2012,0,0.41
2013,0,0.43
2014,0,0.35
2015,0,0.3
2016,0,0.31
2017,0,0.43
2018,0,0.39
2019,0,0.34
2020,0,0.43
2021,0,0.4
2022,0,0.42
2023,0,0.34
2024,1,0.51
2025,0,0.42
2026,0,0.45
2027,0,0.44
2028,0,0.36
2029,0,0.32
2030,0,0.4
2031,0,0.32
2032,0,0.26
2033,0,0.37
2034,0,0.33
2035,0,0.36
2036,0,0.41
2037,1,0.54
2038,1,0.52
2039,0,0.37
2040,0,0.34
2041,0,0.4
2042,0,0.31
2043,1,0.51
2044,0,0.38
2045,0,0.31
2046,0,0.45
2047,0,0.28
2048,0,0.47
2049,0,0.43
2050,0,0.38
2051,0,0.41
2052,0,0.43
2053,0,0.43
2054,0,0.39
2055,0,0.31
2056,0,0.45
2057,0,0.4
2058,0,0.34
2059,0,0.39
2060,0,0.39
2061,0,0.4
2062,0,0.29
2063,0,0.43
2064,0,0.39
2065,0,0.35
2066,0,0.36
2067,0,0.41
2068,0,0.44
2069,0,0.44
2070,1,0.52
2071,0,0.38
2072,0,0.41
2073,0,0.4
2074,0,0.32
2075,0,0.49
2076,0,0.42
2077,0,0.3
2078,0,0.47
2079,0,0.29
2080,0,0.43
2081,0,0.37
2082,0,0.33
2083,0,0.33
2084,0,0.33
2085,0,0.48
2086,0,0.42
2087,0,0.35
2088,0,0.25
2089,0,0.32
2090,0,0.42
2091,0,0.44
2092,0,0.41
2093,0,0.41
2094,0,0.32
2095,0,0.39
2096,0,0.44
2097,0,0.32
2098,0,0.47
2099,1,0.54
2100,0,0.41
2101,0,0.42
2102,0,0.4
2103,0,0.35
2104,0,0.38
2105,0,0.39
2106,0,0.49
2107,0,0.37
2108,0,0.39
2109,0,0.4
2110,0,0.34
2111,0,0.35
2112,0,0.35
2113,0,0.34
2114,0,0.45
2115,0,0.36
2116,0,0.45
2117,0,0.36
2118,0,0.39
2119,0,0.36
2120,0,0.42
2121,0,0.41
2122,0,0.32
2123,0,0.35
2124,0,0.38
2125,0,0.26
2126,0,0.41
2127,0,0.29
2128,0,0.38
2129,0,0.36
2130,0,0.49
2131,0,0.42
2132,0,0.36
2133,0,0.36
2134,1,0.52
2135,0,0.33
2136,0,0.41
2137,0,0.39
2138,0,0.29
2139,0,0.39
2140,0,0.28
2141,0,0.36
2142,0,0.34
2143,0,0.3
2144,0,0.42
2145,0,0.31
2146,0,0.34
2147,0,0.43
2148,0,0.39
2149,0,0.29
2150,0,0.43
2151,0,0.34
2152,0,0.44
2153,0,0.32
2154,0,0.3
2155,0,0.36
2156,0,0.32
2157,0,0.47
2158,0,0.43
2159,0,0.37
2160,0,0.26
2161,0,0.37
2162,0,0.49
2163,0,0.4
2164,0,0.43
2165,0,0.42
2166,0,0.31
2167,0,0.42
2168,0,0.45
2169,0,0.47
2170,0,0.39
2171,0,0.3
2172,0,0.32
2173,0,0.25
2174,1,0.53
2175,0,0.39
2176,0,0.32
2177,0,0.44
2178,0,0.43
2179,0,0.41
2180,0,0.33
2181,0,0.42
2182,0,0.38
2183,0,0.39
2184,0,0.3
2185,1,0.6
2186,0,0.33
2187,0,0.42
2188,0,0.45
2189,0,0.38
2190,0,0.44
2191,0,0.37
2192,1,0.58
2193,0,0.39
2194,0,0.41
2195,0,0.46
2196,0,0.34
2197,0,0.39
2198,0,0.4
2199,0,0.33
2200,0,0.4
2201,0,0.27
2202,0,0.35
2203,0,0.43
2204,0,0.43
2205,0,0.45
2206,0,0.44
2207,0,0.41
2208,0,0.46
2209,1,0.55
2210,0,0.3
2211,0,0.42
2212,0,0.42
2213,0,0.37
2214,0,0.28
2215,0,0.37
2216,0,0.37
2217,0,0.44
2218,0,0.42
2219,0,0.4
2220,0,0.42
2221,0,0.4
2222,0,0.39
2223,0,0.42
2224,0,0.4
2225,0,0.44
2226,0,0.38
2227,0,0.39
2228,0,0.43
2229,0,0.44
2230,0,0.43
2231,0,0.43
2232,0,0.32
2233,0,0.35
2234,0,0.39
2235,0,0.33
2236,0,0.42
2237,0,0.47
2238,0,0.33
2239,1,0.51
2240,0,0.45
2241,0,0.41
2242,0,0.39
2243,0,0.42
2244,0,0.44
2245,0,0.34
2246,0,0.43
2247,1,0.5
2248,0,0.39
2249,0,0.33
2250,0,0.31
2251,0,0.32
2252,0,0.33
2253,0,0.42
2254,0,0.39
2255,0,0.41
2256,0,0.33
2257,0,0.29
2258,0,0.41
2259,0,0.35
2260,0,0.29
2261,0,0.46
2262,0,0.35
2263,0,0.46
2264,0,0.47
2265,0,0.45
2266,0,0.43
2267,0,0.44
2268,0,0.45
2269,0,0.39
2270,0,0.45
2271,1,0.55
2272,0,0.45
2273,0,0.31
2274,0,0.35
2275,0,0.37
2276,0,0.49
2277,0,0.48
2278,0,0.46
2279,0,0.45
2280,1,0.54
2281,0,0.45
2282,0,0.29
2283,0,0.44
2284,0,0.47
2285,0,0.32
2286,0,0.43
2287,0,0.39
2288,0,0.45
2289,0,0.46
2290,0,0.44
2291,0,0.29
2292,1,0.52
2293,0,0.41
2294,0,0.38
2295,0,0.43
2296,0,0.28
2297,1,0.51
2298,0,0.42
2299,0,0.4
2300,0,0.35
2301,0,0.43
2302,0,0.45
2303,0,0.4
2304,0,0.35
2305,0,0.42
2306,0,0.39
2307,0,0.42
2308,0,0.3
2309,0,0.43
2310,0,0.39
2311,0,0.39
2312,0,0.46
2313,0,0.39
2314,0,0.44
2315,0,0.4
2316,0,0.34
2317,0,0.33
2318,0,0.4
2319,0,0.42
2320,0,0.44
2321,0,0.39
2322,0,0.43
2323,0,0.41
2324,0,0.39
2325,0,0.39
2326,0,0.34
2327,0,0.44
2328,0,0.41
2329,0,0.43
2330,0,0.4
2331,0,0.33
2332,0,0.35
2333,0,0.4
2334,0,0.38
2335,0,0.37
2336,0,0.26
2337,0,0.32
2338,0,0.43
2339,0,0.44
2340,0,0.43
2341,0,0.39
2342,0,0.45
2343,0,0.38
2344,0,0.39
2345,0,0.45
2346,0,0.34
2347,0,0.41
2348,0,0.26
2349,0,0.44
2350,0,0.4
2351,0,0.45
2352,0,0.38
2353,0,0.3
2354,0,0.46
2355,0,0.34
2356,0,0.39
2357,0,0.39
2358,0,0.4
2359,0,0.41
2360,0,0.34
2361,0,0.42
2362,0,0.39
2363,0,0.42
2364,0,0.34
2365,0,0.32
2366,0,0.42
2367,1,0.53
2368,1,0.5
2369,0,0.45
2370,0,0.41
2371,0,0.45
2372,0,0.26
2373,0,0.41
2374,0,0.39
2375,0,0.33
2376,0,0.46
2377,0,0.34
2378,0,0.37
2379,0,0.37
2380,0,0.43
2381,0,0.4
2382,0,0.33
2383,0,0.38
2384,0,0.31
2385,0,0.44
2386,0,0.3
2387,0,0.39
2388,1,0.5
2389,0,0.34
2390,0,0.38
2391,0,0.3
2392,0,0.24
2393,0,0.36
2394,0,0.39
2395,0,0.4
2396,0,0.42
2397,0,0.46
2398,1,0.52
2399,0,0.28
2400,0,0.32
2401,0,0.47
2402,0,0.49
2403,0,0.29
2404,0,0.37
2405,0,0.43
2406,0,0.45
2407,1,0.51
2408,0,0.43
2409,0,0.43
2410,0,0.33
2411,0,0.47
2412,0,0.37
2413,0,0.41
2414,0,0.27
2415,0,0.36
2416,0,0.45
2417,0,0.38
2418,0,0.33
2419,0,0.43
2420,0,0.35
2421,0,0.26
2422,0,0.45
2423,1,0.54
2424,0,0.39
2425,0,0.43
2426,0,0.36
2427,0,0.37
2428,0,0.23
2429,0,0.42
2430,0,0.41
2431,0,0.31
2432,0,0.47
2433,1,0.52
2434,0,0.29
2435,0,0.35
2436,0,0.3
2437,0,0.43
2438,0,0.24
2439,0,0.43
2440,0,0.4
2441,0,0.35
2442,1,0.55
2443,0,0.48
2444,0,0.45
2445,0,0.42
2446,0,0.33
2447,0,0.38
2448,0,0.41
2449,0,0.42
2450,0,0.35
2451,0,0.45
2452,0,0.4
2453,0,0.4
2454,1,0.51
2455,0,0.45
2456,1,0.52
2457,0,0.43
2458,0,0.4
2459,0,0.43
2460,0,0.29
2461,0,0.41
2462,0,0.43
2463,0,0.43
2464,0,0.39
2465,0,0.47
2466,0,0.25
2467,0,0.42
2468,0,0.43
2469,0,0.34
2470,0,0.35
2471,0,0.43
2472,0,0.43
2473,0,0.38
2474,0,0.29
2475,0,0.44
2476,0,0.43
2477,0,0.37
2478,1,0.5
2479,0,0.27
2480,0,0.37
2481,0,0.42
2482,1,0.53
2483,0,0.33
2484,0,0.46
2485,0,0.33
2486,0,0.33
2487,0,0.39
2488,0,0.33
2489,0,0.32
2490,0,0.42
2491,0,0.43
2492,0,0.38
2493,0,0.32
2494,1,0.5
2495,0,0.38
2496,0,0.39
2497,0,0.39
2498,0,0.34
2499,0,0.32
2500,0,0.4
2501,0,0.4
2502,0,0.44
2503,0,0.42
2504,0,0.43
2505,0,0.49
2506,0,0.35
2507,1,0.56
2508,0,0.45
2509,0,0.44
2510,0,0.43
2511,0,0.48
2512,0,0.44
2513,0,0.33
2514,0,0.41
2515,0,0.42
2516,0,0.44
2517,0,0.39
2518,1,0.55
2519,0,0.37
2520,1,0.54
2521,0,0.35
2522,0,0.42
2523,0,0.42
2524,0,0.42
2525,0,0.44
2526,0,0.42
2527,0,0.32
2528,0,0.39
2529,0,0.38
2530,1,0.54
2531,0,0.47
2532,0,0.45
2533,0,0.46
2534,0,0.39
2535,0,0.44
2536,0,0.41
2537,0,0.34
2538,0,0.45
2539,0,0.35
2540,0,0.43
2541,0,0.45
2542,0,0.38
2543,0,0.35
2544,0,0.41
2545,0,0.36
2546,0,0.36
2547,0,0.32
2548,0,0.42
2549,0,0.39
2550,0,0.34
2551,0,0.41
2552,0,0.33
2553,0,0.42
2554,1,0.51
2555,0,0.29
2556,0,0.24
2557,0,0.42
2558,0,0.34
2559,0,0.39
2560,0,0.45
2561,0,0.44
2562,0,0.42
2563,0,0.39
2564,0,0.4
2565,0,0.35
2566,0,0.25
2567,0,0.42
2568,0,0.4
2569,0,0.32
2570,0,0.43
2571,0,0.38
2572,0,0.42
2573,0,0.42
2574,0,0.36
2575,0,0.47
2576,0,0.35
2577,0,0.44
2578,1,0.52
2579,0,0.42
2580,0,0.41
2581,0,0.42
2582,0,0.37
2583,0,0.42
2584,0,0.43
2585,0,0.39
2586,0,0.37
2587,0,0.43
2588,0,0.36
2589,0,0.27
2590,1,0.54
2591,0,0.41
2592,0,0.42
2593,0,0.33
2594,0,0.42
2595,0,0.46
2596,0,0.42
2597,0,0.29
2598,0,0.45
2599,0,0.41
2600,0,0.36
2601,0,0.45
2602,0,0.42
2603,0,0.44
2604,0,0.45
2605,0,0.4
2606,0,0.31
2607,0,0.37
2608,1,0.56
2609,0,0.26
2610,0,0.41
2611,0,0.46
2612,0,0.31
2613,0,0.33
2614,0,0.45
2615,0,0.41
2616,0,0.4
2617,0,0.24
2618,0,0.33
2619,0,0.36
2620,0,0.45
2621,0,0.32
2622,0,0.4
2623,1,0.51
2624,0,0.47
2625,0,0.32
2626,0,0.37
2627,0,0.36
2628,0,0.34
2629,0,0.47
2630,0,0.43
2631,0,0.37
2632,1,0.5
2633,0,0.38
2634,0,0.44
2635,0,0.46
2636,0,0.41
2637,0,0.46
2638,0,0.35
2639,0,0.42
2640,0,0.31
2641,0,0.39
2642,0,0.47
2643,0,0.42
2644,0,0.35
2645,0,0.34
2646,0,0.33
2647,0,0.38
2648,0,0.34
2649,0,0.34
2650,0,0.4
2651,0,0.31
2652,0,0.36
2653,0,0.34
2654,0,0.4
2655,1,0.53
2656,1,0.56
2657,0,0.37
2658,0,0.33
2659,0,0.32
2660,0,0.38
2661,0,0.31
2662,0,0.41
2663,0,0.31
2664,0,0.43
2665,0,0.4
2666,0,0.43
2667,0,0.42
2668,0,0.45
2669,0,0.33
2670,0,0.38
2671,0,0.42
2672,0,0.41
2673,0,0.36
2674,0,0.38
2675,1,0.53
2676,0,0.38
2677,0,0.35
2678,0,0.45
2679,0,0.35
2680,0,0.49
2681,0,0.38
2682,0,0.41
2683,0,0.28
2684,0,0.43
2685,0,0.43
2686,0,0.43
2687,0,0.43
2688,0,0.39
2689,0,0.48
2690,0,0.46
2691,0,0.44
2692,0,0.25
2693,0,0.31
2694,0,0.44
2695,0,0.3
2696,0,0.4
2697,0,0.45
2698,0,0.4
2699,0,0.34
2700,0,0.44
2701,0,0.35
2702,0,0.42
2703,0,0.25
2704,0,0.32
2705,0,0.38
2706,0,0.43
2707,1,0.5
2708,1,0.5
2709,0,0.44
2710,1,0.51
2711,0,0.36
2712,0,0.4
2713,0,0.24
2714,0,0.32
2715,0,0.41
2716,0,0.37
2717,0,0.3
2718,0,0.4
2719,0,0.41
2720,0,0.39
2721,0,0.29
2722,0,0.46
2723,0,0.35
2724,0,0.39
2725,0,0.42
2726,0,0.29
2727,0,0.36
2728,1,0.52
2729,0,0.32
2730,1,0.5
2731,0,0.44
2732,0,0.42
2733,0,0.33
2734,0,0.36
2735,0,0.33
2736,0,0.41
2737,0,0.4
2738,0,0.42
2739,0,0.45
2740,0,0.41
2741,0,0.29
2742,1,0.56
2743,0,0.4
2744,0,0.45
2745,0,0.42
2746,1,0.56
2747,0,0.35
2748,0,0.31
2749,0,0.27
2750,0,0.39
2751,0,0.34
2752,0,0.33
2753,0,0.39
2754,1,0.51
2755,0,0.28
2756,0,0.42
2757,0,0.32
2758,0,0.37
2759,0,0.32
2760,0,0.33
2761,0,0.36
2762,0,0.45
2763,0,0.36
2764,0,0.39
2765,0,0.33
2766,0,0.32
2767,0,0.44
2768,0,0.41
2769,0,0.33
2770,0,0.32
2771,0,0.36
2772,0,0.3
2773,0,0.37
2774,0,0.38
2775,0,0.27
2776,1,0.5
2777,0,0.36
2778,0,0.37
2779,0,0.34
2780,0,0.39
2781,0,0.3
2782,0,0.39
2783,0,0.39
2784,0,0.45
2785,1,0.53
2786,0,0.37
2787,0,0.3
2788,0,0.43
2789,0,0.38
2790,0,0.36
2791,0,0.43
2792,0,0.35
2793,0,0.3
2794,1,0.51
2795,0,0.31
2796,0,0.41
2797,0,0.4
2798,1,0.5
2799,0,0.47
2800,0,0.41
2801,0,0.4
2802,0,0.41
2803,0,0.42
2804,0,0.42
2805,0,0.34
2806,0,0.37
2807,0,0.39
2808,0,0.31
2809,1,0.51
2810,1,0.53
2811,0,0.45
2812,0,0.4
2813,0,0.44
2814,0,0.45
2815,0,0.4
2816,1,0.52
2817,0,0.45
2818,0,0.38
2819,0,0.4
2820,0,0.3
2821,0,0.41
2822,1,0.55
2823,0,0.43
2824,0,0.4
2825,0,0.42
2826,0,0.28
2827,0,0.29
2828,0,0.32
2829,0,0.32
2830,0,0.38
2831,0,0.37
2832,0,0.45
2833,0,0.38
2834,0,0.39
2835,0,0.38
2836,1,0.51
2837,0,0.43
2838,0,0.32
2839,0,0.38
2840,0,0.38
2841,0,0.33
2842,0,0.31
2843,0,0.34
2844,0,0.41
2845,1,0.55
2846,0,0.45
2847,0,0.34
2848,0,0.34
2849,0,0.31
2850,0,0.33
2851,0,0.42
2852,0,0.39
2853,0,0.4
2854,0,0.39
2855,0,0.33
2856,0,0.38
2857,0,0.32
2858,0,0.4
2859,0,0.37
2860,0,0.41
2861,0,0.42
2862,0,0.46
2863,0,0.35
2864,0,0.31
2865,0,0.29
2866,0,0.46
2867,0,0.34
2868,0,0.36
2869,0,0.34
2870,1,0.5
2871,0,0.42
2872,0,0.36
2873,0,0.38
2874,0,0.37
2875,0,0.42
2876,0,0.34
2877,0,0.39
2878,0,0.41
2879,0,0.36
2880,0,0.43
2881,0,0.36
2882,0,0.33
2883,0,0.33
2884,0,0.43
2885,0,0.41
2886,0,0.46
2887,0,0.41
2888,0,0.35
2889,1,0.52
2890,0,0.37
2891,0,0.46
2892,0,0.46
2893,0,0.32
2894,0,0.32
2895,0,0.37
2896,0,0.37
2897,0,0.31
2898,0,0.41
2899,0,0.24
2900,0,0.38
2901,1,0.55
2902,0,0.41
2903,0,0.46
2904,0,0.33
2905,0,0.32
2906,0,0.35
2907,0,0.31
2908,0,0.36
2909,0,0.38
2910,0,0.38
2911,0,0.34
2912,0,0.48
2913,0,0.42
2914,0,0.39
2915,0,0.33
2916,0,0.39
2917,0,0.4
2918,0,0.44
2919,0,0.37
2920,0,0.35
2921,0,0.37
2922,0,0.46
2923,0,0.39
2924,0,0.41
2925,0,0.35
2926,0,0.42
2927,0,0.45
2928,0,0.45
2929,0,0.42
2930,0,0.41
2931,0,0.34
2932,0,0.44
2933,0,0.46
2934,0,0.44
2935,0,0.33
2936,0,0.39
2937,0,0.42
2938,0,0.38
2939,0,0.43
2940,0,0.41
2941,1,0.51
2942,0,0.42
2943,0,0.42
2944,0,0.39
2945,0,0.33
2946,0,0.38
2947,0,0.41
2948,0,0.42
2949,0,0.46
2950,0,0.36
2951,0,0.34
2952,0,0.3
2953,0,0.36
2954,0,0.37
2955,0,0.42
2956,1,0.5
2957,0,0.42
2958,1,0.51
2959,0,0.33
2960,0,0.39
2961,0,0.39
2962,0,0.35
2963,0,0.29
2964,0,0.34
2965,0,0.31
2966,0,0.41
2967,0,0.44
2968,0,0.44
2969,1,0.53
2970,0,0.46
2971,0,0.47
2972,0,0.41
2973,0,0.39
2974,0,0.41
2975,0,0.4
2976,0,0.31
2977,0,0.39
2978,0,0.33
2979,0,0.33
2980,1,0.5
2981,0,0.43
2982,0,0.44
2983,0,0.41
2984,0,0.4
2985,0,0.34
2986,0,0.4
2987,0,0.39
2988,0,0.35
2989,0,0.45
2990,0,0.32
2991,0,0.32
2992,0,0.46
2993,0,0.32
2994,0,0.32
2995,0,0.43
2996,0,0.26
2997,0,0.31
2998,0,0.41
2999,1,0.5
3000,0,0.39
3001,0,0.35
3002,0,0.34
3003,0,0.38
3004,0,0.35
3005,1,0.52
3006,1,0.56
3007,0,0.39
3008,0,0.43
3009,0,0.33
3010,0,0.3
3011,1,0.52
3012,0,0.34
3013,0,0.38
3014,0,0.34
3015,0,0.47
3016,0,0.39
3017,0,0.34
3018,0,0.31
3019,1,0.54
3020,0,0.33
3021,0,0.39
3022,0,0.33
3023,0,0.34
3024,0,0.4
3025,0,0.34
3026,0,0.43
3027,0,0.31
3028,0,0.29
3029,0,0.26
3030,0,0.35
3031,0,0.46
3032,0,0.43
3033,0,0.4
3034,0,0.45
3035,0,0.46
3036,0,0.47
3037,0,0.38
3038,0,0.35
3039,0,0.44
3040,1,0.5
3041,0,0.44
3042,0,0.31
3043,0,0.47
3044,0,0.44
3045,0,0.34
3046,0,0.38
3047,0,0.4
3048,0,0.33
3049,0,0.29
3050,0,0.35
3051,0,0.46
3052,0,0.4
3053,0,0.36
3054,0,0.45
3055,0,0.44
3056,0,0.41
3057,0,0.38
3058,0,0.36
3059,0,0.31
3060,0,0.42
3061,0,0.37
3062,0,0.41
3063,1,0.55
3064,0,0.4
3065,0,0.31
3066,0,0.39
3067,0,0.39
3068,0,0.42
3069,0,0.42
3070,0,0.37
3071,0,0.26
3072,0,0.43
3073,0,0.39
3074,0,0.37
3075,0,0.34
3076,0,0.43
3077,0,0.25
3078,0,0.39
3079,1,0.58
3080,0,0.38
3081,0,0.3
3082,1,0.53
3083,0,0.38
3084,0,0.42
3085,0,0.34
3086,1,0.5
3087,0,0.38
3088,0,0.42
3089,0,0.42
3090,0,0.41
3091,0,0.34
3092,0,0.33
3093,0,0.27
3094,0,0.33
3095,0,0.35
3096,0,0.35
3097,0,0.38
3098,0,0.33
3099,0,0.46
3100,0,0.4
3101,0,0.41
3102,0,0.41
3103,0,0.28
3104,1,0.52
3105,0,0.41
3106,0,0.31
3107,0,0.41
3108,0,0.45
3109,0,0.44
3110,0,0.4
3111,0,0.32
3112,0,0.42
3113,0,0.43
3114,0,0.39
3115,0,0.46
3116,0,0.34
3117,0,0.47
3118,0,0.45
3119,0,0.43
3120,0,0.42
3121,0,0.41
3122,0,0.48
3123,1,0.56
3124,0,0.33
3125,0,0.41
3126,0,0.33
3127,0,0.38
3128,0,0.38
3129,0,0.32
3130,0,0.41
3131,0,0.31
3132,0,0.43
3133,0,0.48
3134,0,0.38
3135,0,0.35
3136,0,0.47
3137,0,0.34
3138,0,0.43
3139,0,0.34
3140,0,0.27
3141,0,0.35
3142,1,0.6
3143,0,0.33
3144,0,0.33
3145,0,0.28
3146,1,0.52
3147,1,0.5
3148,0,0.37
3149,0,0.43
3150,0,0.24
3151,0,0.33
3152,0,0.33
3153,0,0.38
3154,0,0.33
3155,0,0.49
3156,0,0.35
3157,0,0.36
3158,0,0.28
3159,0,0.29
3160,1,0.56
3161,0,0.4
3162,0,0.32
3163,0,0.3
3164,0,0.47
3165,0,0.37
3166,0,0.36
3167,0,0.3
3168,0,0.35
3169,0,0.41
3170,0,0.39
3171,0,0.4
3172,0,0.39
3173,0,0.37
3174,0,0.4
3175,0,0.41
3176,0,0.44
3177,0,0.4
3178,0,0.42
3179,0,0.38
3180,0,0.36
3181,0,0.35
3182,0,0.39
3183,0,0.44
3184,0,0.45
3185,0,0.38
3186,0,0.49
3187,0,0.43
3188,0,0.4
3189,0,0.26
3190,0,0.32
3191,0,0.39
3192,0,0.48
3193,0,0.43
3194,0,0.34
3195,1,0.53
3196,0,0.38
3197,0,0.34
3198,0,0.34
3199,0,0.42
3200,0,0.43
3201,0,0.41
3202,0,0.41
3203,0,0.36
3204,0,0.4
3205,0,0.39
3206,0,0.45
3207,0,0.29
3208,0,0.33
3209,0,0.38
3210,1,0.53
3211,0,0.38
3212,0,0.4
3213,0,0.43
3214,0,0.42
3215,0,0.45
3216,0,0.44
3217,0,0.32
3218,0,0.33
3219,0,0.42
3220,0,0.34
3221,0,0.41
3222,0,0.3
3223,0,0.33
3224,0,0.3
3225,0,0.4
3226,0,0.33
3227,0,0.3
3228,0,0.33
3229,0,0.43
3230,0,0.44
3231,0,0.42
3232,0,0.31
3233,0,0.34
3234,0,0.46
3235,0,0.36
3236,0,0.41
3237,0,0.29
3238,0,0.44
3239,0,0.36
3240,0,0.28
3241,0,0.42
3242,0,0.33
3243,0,0.32
3244,0,0.32
3245,0,0.33
3246,0,0.3
3247,0,0.34
3248,0,0.45
3249,0,0.47
3250,0,0.31
3251,0,0.33
3252,0,0.47
3253,0,0.33
3254,0,0.39
3255,0,0.4
3256,0,0.47
3257,0,0.37
3258,0,0.38
3259,0,0.29
3260,0,0.34
3261,0,0.36
3262,0,0.38
3263,0,0.38
3264,0,0.39
3265,0,0.48
3266,0,0.34
3267,0,0.44
3268,0,0.42
3269,0,0.31
3270,0,0.43
3271,1,0.53
3272,0,0.45
3273,0,0.46
3274,0,0.37
3275,0,0.39
3276,0,0.32
3277,1,0.52
3278,0,0.31
3279,0,0.42
3280,0,0.31
3281,0,0.35
3282,0,0.43
3283,0,0.41
3284,0,0.43
3285,0,0.38
3286,0,0.42
3287,0,0.44
3288,0,0.37
3289,0,0.31
3290,0,0.42
3291,0,0.27
3292,0,0.34
3293,0,0.27
3294,0,0.26
3295,0,0.41
3296,0,0.42
3297,0,0.31
3298,0,0.39
3299,0,0.34
3300,0,0.45
3301,0,0.35
3302,1,0.55
3303,0,0.37
3304,1,0.53
3305,0,0.46
3306,0,0.46
3307,0,0.44
3308,0,0.42
3309,0,0.27
3310,0,0.36
3311,1,0.53
3312,0,0.4
3313,0,0.32
3314,0,0.32
3315,0,0.41
3316,0,0.46
3317,0,0.34
3318,0,0.36
3319,0,0.33
3320,0,0.43
3321,1,0.51
3322,0,0.41
3323,0,0.45
3324,0,0.35
3325,0,0.48
3326,1,0.52
3327,0,0.45
3328,0,0.43
3329,0,0.43
3330,0,0.29
3331,0,0.43
3332,0,0.33
3333,0,0.38
3334,0,0.33
3335,0,0.42
3336,0,0.27
3337,0,0.41
3338,0,0.43
3339,0,0.43
3340,0,0.41
3341,1,0.5
3342,0,0.48
3343,0,0.36
3344,0,0.34
3345,0,0.37
3346,0,0.42
3347,1,0.54
3348,0,0.36
3349,0,0.44
3350,0,0.43
3351,0,0.26
3352,0,0.31
3353,0,0.47
3354,0,0.35
3355,0,0.4
3356,0,0.41
3357,0,0.29
3358,0,0.33
3359,0,0.32
3360,0,0.39
3361,0,0.32
3362,0,0.39
3363,0,0.36
3364,0,0.35
3365,0,0.38
3366,0,0.39
3367,0,0.38
3368,0,0.41
3369,0,0.44
3370,0,0.49
3371,0,0.39
3372,0,0.33
3373,0,0.42
3374,1,0.6
3375,0,0.49
3376,0,0.44
3377,0,0.32
3378,0,0.42
3379,0,0.37
3380,0,0.33
3381,1,0.57
3382,0,0.43
3383,0,0.43
3384,0,0.42
3385,0,0.48
3386,0,0.42
3387,0,0.4
3388,0,0.3
3389,0,0.4
3390,0,0.43
3391,0,0.41
3392,0,0.33
3393,0,0.42
3394,0,0.42
3395,0,0.32
3396,0,0.39
3397,0,0.42
3398,0,0.42
3399,0,0.42
3400,0,0.42
3401,0,0.34
3402,0,0.41
3403,1,0.55
3404,0,0.33
3405,0,0.32
3406,0,0.38
3407,0,0.35
3408,1,0.56
3409,0,0.29
3410,0,0.46
3411,0,0.32
3412,0,0.44
3413,0,0.32
3414,0,0.39
3415,0,0.41
3416,0,0.41
3417,0,0.33
3418,0,0.24
3419,0,0.42
3420,0,0.4
3421,0,0.35
3422,0,0.42
3423,0,0.36
3424,0,0.32
3425,0,0.48
3426,0,0.34
3427,0,0.47
3428,0,0.39
3429,0,0.42
3430,0,0.41
3431,0,0.43
3432,0,0.37
3433,0,0.41
3434,0,0.42
3435,0,0.35
3436,0,0.48
3437,0,0.36
3438,0,0.34
3439,0,0.39
3440,0,0.45
3441,0,0.4
3442,0,0.34
3443,0,0.39
3444,0,0.46
3445,0,0.39
3446,0,0.43
3447,0,0.43
3448,0,0.41
3449,0,0.28
3450,0,0.42
3451,0,0.44
3452,0,0.42
3453,0,0.35
3454,0,0.42
3455,1,0.53
3456,1,0.53
3457,0,0.38
3458,0,0.33
3459,0,0.37
3460,0,0.34
3461,0,0.43
3462,0,0.35
3463,0,0.44
3464,0,0.4
3465,0,0.31
3466,0,0.34
3467,0,0.43
3468,1,0.56
3469,0,0.33
3470,0,0.45
3471,0,0.25
3472,0,0.35
3473,0,0.43
3474,0,0.42
3475,0,0.41
3476,0,0.33
3477,0,0.44
3478,0,0.3
3479,0,0.34
3480,0,0.32
3481,0,0.43
3482,0,0.29
3483,0,0.3
3484,0,0.35
3485,0,0.44
3486,0,0.48
3487,0,0.44
3488,0,0.41
3489,0,0.29
3490,0,0.38
3491,0,0.25
3492,0,0.43
3493,0,0.31
3494,0,0.35
3495,0,0.39
3496,1,0.55
3497,0,0.3
3498,1,0.55
3499,0,0.45
3500,0,0.32
3501,0,0.41
3502,0,0.39
3503,0,0.41
3504,0,0.45
3505,0,0.44
3506,0,0.26
3507,0,0.33
3508,0,0.34
3509,0,0.45
3510,0,0.35
3511,0,0.37
3512,0,0.41
3513,1,0.52
3514,0,0.33
3515,0,0.43
3516,0,0.31
3517,0,0.28
3518,0,0.45
3519,0,0.32
3520,0,0.45
3521,0,0.34
3522,0,0.37
3523,0,0.37
3524,0,0.45
3525,0,0.41
3526,0,0.42
3527,0,0.49
3528,0,0.49
3529,0,0.34
3530,1,0.56
3531,0,0.31
3532,0,0.34
3533,0,0.29
3534,0,0.37
3535,0,0.43
3536,0,0.43
3537,0,0.46
3538,0,0.32
3539,0,0.42
3540,0,0.23
3541,0,0.44
3542,0,0.4
3543,0,0.31
3544,0,0.43
3545,0,0.38
3546,0,0.42
3547,0,0.4
3548,0,0.41
3549,0,0.42
3550,0,0.39
3551,0,0.37
3552,0,0.46
3553,0,0.42
3554,0,0.42
3555,0,0.37
3556,0,0.33
3557,0,0.28
3558,1,0.51
3559,0,0.39
3560,0,0.36
3561,0,0.26
3562,0,0.36
3563,1,0.56
3564,0,0.42
3565,0,0.39
3566,0,0.33
3567,0,0.4
3568,0,0.41
3569,0,0.38
3570,0,0.4
3571,0,0.34
3572,0,0.34
3573,0,0.46
3574,0,0.35
3575,0,0.32
3576,0,0.38
3577,0,0.44
3578,0,0.34
3579,0,0.37
3580,0,0.41
3581,0,0.36
3582,0,0.35
3583,0,0.47
3584,0,0.36
3585,0,0.37
3586,0,0.44
3587,0,0.27
3588,0,0.47
3589,0,0.3
3590,0,0.33
3591,0,0.41
3592,1,0.51
3593,0,0.37
3594,0,0.32
3595,0,0.3
3596,1,0.54
3597,0,0.34
3598,0,0.37
3599,1,0.53
3600,0,0.43
3601,0,0.39
3602,0,0.41
3603,0,0.36
3604,0,0.37
3605,0,0.39
3606,0,0.31
3607,0,0.42
3608,0,0.31
3609,0,0.41
3610,0,0.4
3611,0,0.42
3612,0,0.42
3613,0,0.31
3614,0,0.48
3615,0,0.38
3616,0,0.4
3617,0,0.41
3618,0,0.49
3619,0,0.39
3620,0,0.38
3621,0,0.48
3622,0,0.3
3623,0,0.4
3624,0,0.44
3625,0,0.41
3626,0,0.44
3627,0,0.31
3628,0,0.34
3629,0,0.33
3630,0,0.33
3631,0,0.33
3632,0,0.48
3633,0,0.34
3634,1,0.53
3635,0,0.46
3636,0,0.45
3637,0,0.33
3638,0,0.34
3639,0,0.47
3640,0,0.42
3641,0,0.43
3642,0,0.36
3643,0,0.42
3644,0,0.41
3645,0,0.38
3646,0,0.34
3647,0,0.42
3648,0,0.38
3649,0,0.41
3650,0,0.43
3651,1,0.56
3652,1,0.55
3653,0,0.48
3654,0,0.36
3655,0,0.4
3656,0,0.35
3657,0,0.47
3658,0,0.37
3659,0,0.33
3660,0,0.45
3661,0,0.27
3662,0,0.41
3663,0,0.28
3664,0,0.45
3665,0,0.29
3666,0,0.42
3667,0,0.39
3668,0,0.41
3669,0,0.32
3670,0,0.46
3671,0,0.35
3672,0,0.49
3673,0,0.38
3674,0,0.42
3675,0,0.39
3676,0,0.32
3677,0,0.34
3678,0,0.24
3679,0,0.31
3680,0,0.33
3681,0,0.3
3682,0,0.45
3683,0,0.41
3684,0,0.38
3685,0,0.45
3686,0,0.4
3687,0,0.33
3688,0,0.37
3689,0,0.42
3690,1,0.52
3691,0,0.33
3692,0,0.37
3693,0,0.36
3694,0,0.35
3695,0,0.44
3696,0,0.36
3697,0,0.29
3698,0,0.38
3699,0,0.4
3700,0,0.35
3701,0,0.4
3702,0,0.37
3703,0,0.42
3704,0,0.34
3705,0,0.37
3706,0,0.38
3707,0,0.34
3708,0,0.43
3709,0,0.33
3710,0,0.33
3711,0,0.37
3712,0,0.38
3713,0,0.42
3714,1,0.52
3715,0,0.38
3716,0,0.43
3717,0,0.43
3718,0,0.34
3719,0,0.41
3720,0,0.35
3721,0,0.36
3722,0,0.33
3723,0,0.36
3724,0,0.39
3725,0,0.41
3726,0,0.45
3727,0,0.37
3728,1,0.51
3729,0,0.4
3730,0,0.42
3731,0,0.41
3732,0,0.45
3733,0,0.33
3734,0,0.39
3735,0,0.45
3736,0,0.46
3737,0,0.3
3738,0,0.27
3739,0,0.3
3740,0,0.36
3741,0,0.48
3742,0,0.43
3743,0,0.43
3744,0,0.31
3745,0,0.36
3746,1,0.5
3747,0,0.4
3748,0,0.28
3749,0,0.41
3750,1,0.61
3751,0,0.43
3752,0,0.42
3753,0,0.37
3754,0,0.26
3755,0,0.33
3756,1,0.51
3757,0,0.27
3758,0,0.37
3759,0,0.31
3760,0,0.49
3761,0,0.45
3762,0,0.39
3763,0,0.3
3764,1,0.51
3765,0,0.28
3766,0,0.29
3767,0,0.49
3768,0,0.45
3769,0,0.4
3770,0,0.38
3771,0,0.42
3772,0,0.46
3773,1,0.52
3774,0,0.28
3775,0,0.43
3776,0,0.46
3777,0,0.38
3778,0,0.42
3779,0,0.31
3780,0,0.44
3781,0,0.36
3782,0,0.35
3783,0,0.35
3784,0,0.45
3785,0,0.44
3786,1,0.5
3787,0,0.36
3788,0,0.41
3789,0,0.42
3790,0,0.34
3791,0,0.33
3792,0,0.3
3793,0,0.42
3794,0,0.34
3795,0,0.26
3796,0,0.35
3797,0,0.28
3798,0,0.47
3799,0,0.42
3800,0,0.33
3801,0,0.42
3802,0,0.4
3803,0,0.33
3804,0,0.4
3805,0,0.4
3806,1,0.53
3807,0,0.41
3808,0,0.37
3809,0,0.34
3810,0,0.41
3811,0,0.31
3812,0,0.34
3813,0,0.4
3814,0,0.43
3815,0,0.41
3816,0,0.45
3817,0,0.45
3818,0,0.41
3819,0,0.43
3820,0,0.45
3821,0,0.46
3822,1,0.54
3823,1,0.5
3824,0,0.4
3825,0,0.29
3826,0,0.41
3827,0,0.26
3828,0,0.33
3829,0,0.44
3830,0,0.47
3831,1,0.53
3832,0,0.41
3833,0,0.41
3834,0,0.34
3835,0,0.39
3836,0,0.36
3837,0,0.35
3838,1,0.53
3839,0,0.37
3840,0,0.32
3841,1,0.52
3842,0,0.44
3843,0,0.39
3844,1,0.53
3845,0,0.35
3846,0,0.48
3847,0,0.23
3848,0,0.37
3849,0,0.31
3850,0,0.43
3851,0,0.39
3852,0,0.42
3853,0,0.33
3854,0,0.39
3855,0,0.43
3856,0,0.39
3857,0,0.43
3858,0,0.32
3859,0,0.41
3860,0,0.41
3861,0,0.31
3862,0,0.37
3863,0,0.42
3864,0,0.37
3865,0,0.37
3866,0,0.31
3867,0,0.31
3868,0,0.31
3869,0,0.31
3870,0,0.42
3871,0,0.39
3872,1,0.5
3873,0,0.45
3874,0,0.44
3875,0,0.3
3876,0,0.48
3877,0,0.39
3878,0,0.28
3879,0,0.45
3880,0,0.39
3881,0,0.36
3882,0,0.39
3883,0,0.29
3884,0,0.36
3885,0,0.37
3886,0,0.48
3887,0,0.45
3888,0,0.34
3889,0,0.45
3890,0,0.31
3891,0,0.44
3892,0,0.34
3893,0,0.4
3894,0,0.43
3895,0,0.45
3896,0,0.41
3897,0,0.39
3898,0,0.45
3899,0,0.39
3900,0,0.45
3901,0,0.35
3902,0,0.45
3903,0,0.26
3904,0,0.43
3905,0,0.35
3906,0,0.3
3907,0,0.46
3908,0,0.37
3909,0,0.44
3910,0,0.33
3911,0,0.44
3912,0,0.29
3913,0,0.43
3914,0,0.43
3915,0,0.4
3916,0,0.4
3917,0,0.44
3918,1,0.53
3919,0,0.37
3920,1,0.5
3921,0,0.39
3922,0,0.32
3923,0,0.42
3924,0,0.46
3925,0,0.41
3926,0,0.36
3927,0,0.3
3928,0,0.34
3929,0,0.39
3930,0,0.4
3931,0,0.44
3932,0,0.33
3933,1,0.56
3934,0,0.34
3935,0,0.32
3936,0,0.43
3937,0,0.34
3938,0,0.34
3939,0,0.31
3940,0,0.46
3941,0,0.31
3942,0,0.3
3943,0,0.23
3944,0,0.43
3945,0,0.34
3946,0,0.3
3947,0,0.29
3948,0,0.26
3949,0,0.38
3950,0,0.29
3951,0,0.43
3952,0,0.4
3953,0,0.44
3954,0,0.48
3955,0,0.42
3956,0,0.33
3957,0,0.47
3958,0,0.41
3959,0,0.31
3960,0,0.38
3961,0,0.32
3962,0,0.24
3963,0,0.48
3964,0,0.44
3965,0,0.45
3966,0,0.45
3967,0,0.44
3968,0,0.35
3969,0,0.44
3970,0,0.45
3971,0,0.37
3972,0,0.34
3973,0,0.39
3974,0,0.4
3975,0,0.39
3976,0,0.41
3977,0,0.31
3978,0,0.43
3979,1,0.53
3980,0,0.43
3981,0,0.4
3982,0,0.44
3983,0,0.44
3984,0,0.3
3985,0,0.43
3986,0,0.47
3987,0,0.43
3988,0,0.36
3989,0,0.4
3990,0,0.26
3991,0,0.41
3992,1,0.56
3993,0,0.37
3994,0,0.39
3995,0,0.44
3996,0,0.35
3997,0,0.36
3998,0,0.38
3999,0,0.36
4000,1,0.55
4001,0,0.47
4002,0,0.45
4003,0,0.41
4004,0,0.39
4005,0,0.4
4006,0,0.31
4007,0,0.44
4008,0,0.4
4009,0,0.35
4010,0,0.38
4011,0,0.32
4012,0,0.36
4013,0,0.32
4014,0,0.34
4015,0,0.45
4016,0,0.34
4017,0,0.34
4018,0,0.33
4019,0,0.35
4020,0,0.39
4021,1,0.5
4022,0,0.32
4023,0,0.37
4024,0,0.38
4025,0,0.22
4026,0,0.49
4027,0,0.45
4028,0,0.4
4029,0,0.42
4030,0,0.38
4031,0,0.27
4032,0,0.45
4033,0,0.39
4034,0,0.39
4035,0,0.22
4036,0,0.41
4037,0,0.39
4038,0,0.42
4039,0,0.42
4040,1,0.5
4041,0,0.46
4042,0,0.39
4043,0,0.27
4044,1,0.51
4045,0,0.37
4046,0,0.33
4047,0,0.4
4048,0,0.4
4049,0,0.38
4050,0,0.45
4051,0,0.43
4052,0,0.42
4053,1,0.53
4054,1,0.5
4055,1,0.51
4056,0,0.38
4057,0,0.31
4058,0,0.42
4059,0,0.38
4060,0,0.37
4061,0,0.38
4062,0,0.29
4063,0,0.42
4064,0,0.47
4065,0,0.32
4066,0,0.33
4067,0,0.37
4068,0,0.42
4069,0,0.32
4070,0,0.42
4071,0,0.4
4072,0,0.31
4073,0,0.45
4074,0,0.3
4075,0,0.43
4076,0,0.38
4077,0,0.42
4078,0,0.43
4079,0,0.31
4080,0,0.41
4081,0,0.34
4082,0,0.48
4083,0,0.4
4084,0,0.43
4085,0,0.47
4086,0,0.35
4087,0,0.4
4088,0,0.37
4089,0,0.38
4090,0,0.37
4091,0,0.31
4092,0,0.3
4093,0,0.32
4094,0,0.36
4095,0,0.49
4096,0,0.46
4097,0,0.37
4098,0,0.41
4099,0,0.33
4100,0,0.25
4101,0,0.41
4102,0,0.25
4103,0,0.24
4104,0,0.4
4105,0,0.26
4106,0,0.44
4107,0,0.41
4108,0,0.41
4109,0,0.35
4110,0,0.29
4111,0,0.4
4112,0,0.31
4113,0,0.42
4114,0,0.35
4115,0,0.41
4116,0,0.42
4117,0,0.4
4118,0,0.41
4119,0,0.36
4120,0,0.35
4121,0,0.34
4122,0,0.42
4123,0,0.39
4124,0,0.43
4125,0,0.41
4126,0,0.42
4127,0,0.29
4128,0,0.4
4129,0,0.43
4130,0,0.35
4131,0,0.32
4132,0,0.32
4133,0,0.31
4134,0,0.4
4135,0,0.4
4136,0,0.38
4137,0,0.42
4138,0,0.33
4139,0,0.47
4140,0,0.45
4141,0,0.41
4142,0,0.49
4143,0,0.39
4144,0,0.31
4145,0,0.38
4146,0,0.33
4147,0,0.38
4148,1,0.55
4149,0,0.35
4150,0,0.38
4151,1,0.52
4152,1,0.52
4153,0,0.41
4154,0,0.36
4155,0,0.41
4156,0,0.46
4157,0,0.33
4158,0,0.29
4159,0,0.39
4160,0,0.41
4161,0,0.33
4162,0,0.47
4163,0,0.39
4164,0,0.39
4165,0,0.45
4166,0,0.48
4167,1,0.55
4168,0,0.39
4169,0,0.37
4170,0,0.37
4171,0,0.45
4172,0,0.34
4173,0,0.33
4174,0,0.38
4175,0,0.4
4176,0,0.42
4177,0,0.39
4178,0,0.31
4179,0,0.37
4180,0,0.39
4181,0,0.48
4182,0,0.41
4183,0,0.43
4184,0,0.24
4185,1,0.5
4186,0,0.32
4187,0,0.4
4188,0,0.35
4189,0,0.43
4190,0,0.36
4191,0,0.43
4192,0,0.42
4193,0,0.36
4194,0,0.37
4195,0,0.43
4196,0,0.48
4197,0,0.43
4198,0,0.34
4199,0,0.41
4200,0,0.41
4201,0,0.39
4202,0,0.44
4203,0,0.37
4204,0,0.31
4205,1,0.53
4206,0,0.34
4207,0,0.45
4208,0,0.32
4209,0,0.38
4210,0,0.41
4211,1,0.5
4212,0,0.39
4213,1,0.53
4214,0,0.26
4215,1,0.56
4216,0,0.44
4217,0,0.4
4218,0,0.41
4219,0,0.22
4220,0,0.41
4221,0,0.41
4222,0,0.32
4223,0,0.45
4224,0,0.41
4225,0,0.44
4226,0,0.29
4227,0,0.46
4228,0,0.42
4229,0,0.4
4230,0,0.46
4231,0,0.34
4232,0,0.42
4233,0,0.45
4234,0,0.34
4235,0,0.34
4236,0,0.41
4237,0,0.33
4238,0,0.41
4239,0,0.42
4240,0,0.42
4241,0,0.45
4242,0,0.32
4243,0,0.33
4244,0,0.37
4245,0,0.42
4246,0,0.42
4247,0,0.45
4248,0,0.44
4249,0,0.38
4250,0,0.32
4251,0,0.41
4252,0,0.31
4253,0,0.27
4254,0,0.38
4255,0,0.35
4256,0,0.35
4257,0,0.42
4258,0,0.43
4259,0,0.49
4260,0,0.35
4261,0,0.37
4262,0,0.37
4263,1,0.54
4264,0,0.45
4265,0,0.46
4266,0,0.44
4267,0,0.41
4268,0,0.4
4269,0,0.4
4270,0,0.37
4271,0,0.4
4272,0,0.35
4273,0,0.4
4274,0,0.37
4275,0,0.43
4276,0,0.26
4277,0,0.3
4278,0,0.28
4279,0,0.43
4280,0,0.34
4281,0,0.42
4282,0,0.44
4283,0,0.42
4284,0,0.49
4285,0,0.42
4286,0,0.4
4287,0,0.44
4288,0,0.45
4289,1,0.53
4290,0,0.41
4291,0,0.24
4292,0,0.44
4293,0,0.42
4294,0,0.41
4295,0,0.35
4296,1,0.5
4297,0,0.35
4298,0,0.4
4299,0,0.3
4300,1,0.52
4301,0,0.36
4302,0,0.44
4303,0,0.4
4304,0,0.42
4305,0,0.41
4306,0,0.35
4307,0,0.43
4308,0,0.46
4309,0,0.34
4310,0,0.31
4311,0,0.39
4312,0,0.27
4313,0,0.39
4314,0,0.33
4315,0,0.4
4316,0,0.46
4317,0,0.4
4318,0,0.34
4319,0,0.37
4320,0,0.47
4321,0,0.44
4322,0,0.4
4323,0,0.43
4324,0,0.33
4325,0,0.36
4326,0,0.32
4327,1,0.52
4328,0,0.34
4329,0,0.29
4330,0,0.38
4331,0,0.34
4332,0,0.43
4333,0,0.37
4334,0,0.37
4335,0,0.36
4336,0,0.4
4337,0,0.46
4338,0,0.43
4339,0,0.48
4340,0,0.39
4341,0,0.33
4342,0,0.42
4343,1,0.5
4344,0,0.43
4345,0,0.43
4346,0,0.43
4347,0,0.37
4348,0,0.42
4349,0,0.32
4350,1,0.51
4351,0,0.35
4352,0,0.3
4353,0,0.4
4354,1,0.5
4355,0,0.43
4356,0,0.26
4357,0,0.34
4358,0,0.32
4359,0,0.3
4360,0,0.37
4361,0,0.42
4362,0,0.32
4363,0,0.41
4364,0,0.36
4365,0,0.41
4366,0,0.4
4367,0,0.44
4368,1,0.5
4369,0,0.45
4370,0,0.34
4371,0,0.36
4372,0,0.31
4373,0,0.33
4374,0,0.36
4375,0,0.44
4376,0,0.47
4377,0,0.44
4378,0,0.35
4379,0,0.44
4380,0,0.41
4381,0,0.33
4382,0,0.43
4383,1,0.52
4384,0,0.4
4385,0,0.47
4386,0,0.39
4387,0,0.35
4388,0,0.32
4389,0,0.4
4390,0,0.37
4391,0,0.3
4392,0,0.29
4393,0,0.32
4394,0,0.36
4395,0,0.29
4396,0,0.42
4397,0,0.49
4398,0,0.42
4399,0,0.4
4400,0,0.44
4401,0,0.25
4402,0,0.47
4403,0,0.38
4404,0,0.33
4405,0,0.37
4406,0,0.43
4407,0,0.39
4408,0,0.29
4409,0,0.38
4410,1,0.5
4411,0,0.38
4412,0,0.36
4413,0,0.43
4414,0,0.42
4415,0,0.39
4416,0,0.4
4417,0,0.35
4418,0,0.43
4419,0,0.38
4420,0,0.29
4421,0,0.36
4422,0,0.39
4423,0,0.37
4424,0,0.34
4425,0,0.29
4426,0,0.32
4427,0,0.32
4428,0,0.44
4429,0,0.37
4430,0,0.41
4431,0,0.33
4432,0,0.31
4433,0,0.36
4434,1,0.5
4435,0,0.37
4436,0,0.35
4437,0,0.29
4438,0,0.41
4439,0,0.39
4440,0,0.35
4441,0,0.4
4442,0,0.38
4443,0,0.48
4444,0,0.34
4445,0,0.35
4446,0,0.41
4447,1,0.51
4448,0,0.44
4449,0,0.42
4450,0,0.41
4451,0,0.28
4452,0,0.45
4453,0,0.39
4454,0,0.46
4455,0,0.33
4456,0,0.32
4457,0,0.42
4458,0,0.31
4459,0,0.43
4460,1,0.5
4461,0,0.35
4462,0,0.4
4463,0,0.37
4464,0,0.47
4465,0,0.34
4466,0,0.31
4467,1,0.5
4468,0,0.42
4469,0,0.28
4470,0,0.41
4471,0,0.23
4472,0,0.44
4473,0,0.43
4474,0,0.4
4475,0,0.36
4476,0,0.35
4477,0,0.32
4478,0,0.31
4479,0,0.33
4480,0,0.44
4481,0,0.47
4482,0,0.4
4483,0,0.41
4484,0,0.43
4485,0,0.43
4486,0,0.43
4487,0,0.39
4488,0,0.33
4489,0,0.45
4490,0,0.37
4491,0,0.46
4492,0,0.33
4493,0,0.41
4494,0,0.31
4495,0,0.46
4496,0,0.45
4497,0,0.4
4498,0,0.42
4499,0,0.33
4500,0,0.36
4501,0,0.4
4502,0,0.4
4503,0,0.41
4504,0,0.38
4505,0,0.37
4506,0,0.43
4507,0,0.44
4508,0,0.25
4509,0,0.38
4510,0,0.46
4511,0,0.39
4512,0,0.35
4513,0,0.43
4514,0,0.41
4515,0,0.38
4516,0,0.31
4517,0,0.4
4518,0,0.46
4519,0,0.45
4520,0,0.42
4521,0,0.33
4522,0,0.4
4523,0,0.35
4524,0,0.44
4525,0,0.37
4526,0,0.37
4527,0,0.34
4528,0,0.44
4529,0,0.45
4530,0,0.44
4531,0,0.44
4532,0,0.4
4533,0,0.34
4534,0,0.43
4535,0,0.33
4536,0,0.37
4537,0,0.47
4538,0,0.31
4539,1,0.5
4540,0,0.42
4541,0,0.32
4542,0,0.49
4543,0,0.46
4544,0,0.38
4545,0,0.46
4546,0,0.26
4547,0,0.35
4548,0,0.41
4549,0,0.35
4550,0,0.36
4551,0,0.43
4552,0,0.4
4553,0,0.34
4554,0,0.45
4555,0,0.38
4556,0,0.39
4557,0,0.39
4558,0,0.37
4559,0,0.42
4560,0,0.29
4561,0,0.47
4562,0,0.24
4563,0,0.45
4564,0,0.38
4565,0,0.33
4566,0,0.38
4567,0,0.42
4568,0,0.39
4569,0,0.33
4570,0,0.34
4571,0,0.31
4572,0,0.31
4573,0,0.41
4574,0,0.44
4575,0,0.44
4576,0,0.29
4577,0,0.34
4578,0,0.42
4579,0,0.3
4580,0,0.34
4581,0,0.44
4582,0,0.43
4583,0,0.4
4584,0,0.4
4585,0,0.39
4586,1,0.54
4587,0,0.45
4588,0,0.34
4589,0,0.4
4590,0,0.37
4591,0,0.41
4592,0,0.37
4593,0,0.4
4594,0,0.33
4595,0,0.38
4596,0,0.39
4597,0,0.38
4598,0,0.47
4599,0,0.29
4600,0,0.36
4601,0,0.41
4602,0,0.44
4603,0,0.43
4604,0,0.3
4605,0,0.44
4606,0,0.37
4607,0,0.27
4608,0,0.33
4609,0,0.4
4610,0,0.33
4611,0,0.45
4612,0,0.44
4613,0,0.41
4614,0,0.43
4615,0,0.3
4616,0,0.39
4617,0,0.29
4618,0,0.33
4619,1,0.57
4620,0,0.47
4621,0,0.45
4622,0,0.28
4623,0,0.36
4624,0,0.42
4625,0,0.44
4626,0,0.41
4627,0,0.4
4628,0,0.43
4629,0,0.35
4630,0,0.31
4631,0,0.31
4632,1,0.53
4633,0,0.32
4634,0,0.44
4635,0,0.33
4636,0,0.39
4637,0,0.43
4638,0,0.4
4639,1,0.52
4640,0,0.41
4641,0,0.45
4642,0,0.29
4643,0,0.38
4644,0,0.35
4645,0,0.29
4646,0,0.39
4647,0,0.43
4648,0,0.32
4649,0,0.42
4650,0,0.44
4651,0,0.36
4652,0,0.33
4653,0,0.36
4654,0,0.32
4655,0,0.38
4656,0,0.33
4657,0,0.34
4658,0,0.37
4659,0,0.24
4660,0,0.45
4661,0,0.34
4662,0,0.4
4663,0,0.38
4664,1,0.52
4665,1,0.51
4666,0,0.47
4667,0,0.36
4668,0,0.4
4669,0,0.32
4670,0,0.41
4671,0,0.46
4672,0,0.36
4673,0,0.29
4674,0,0.39
4675,0,0.31
4676,0,0.44
4677,0,0.39
4678,0,0.46
4679,1,0.54
4680,0,0.39
4681,1,0.5
4682,0,0.45
4683,0,0.43
4684,0,0.38
4685,0,0.42
4686,0,0.44
4687,0,0.45
4688,0,0.39
4689,0,0.41
4690,0,0.34
4691,0,0.33
4692,0,0.43
4693,0,0.36
4694,0,0.4
4695,0,0.31
4696,0,0.35
4697,0,0.41
4698,0,0.41
4699,0,0.46
4700,0,0.44
4701,0,0.37
4702,0,0.42
4703,1,0.5
4704,0,0.43
4705,0,0.33
4706,0,0.43
4707,0,0.29
4708,0,0.44
4709,0,0.36
4710,0,0.41
4711,0,0.25
4712,0,0.35
4713,0,0.43
4714,0,0.42
4715,0,0.42
4716,0,0.38
4717,0,0.39
4718,0,0.43
4719,0,0.4
4720,0,0.35
4721,0,0.41
4722,0,0.32
4723,0,0.38
4724,0,0.48
4725,0,0.41
4726,0,0.35
4727,0,0.38
4728,0,0.42
4729,0,0.43
4730,0,0.38
4731,0,0.42
4732,0,0.39
4733,0,0.44
4734,0,0.34
4735,0,0.43
4736,0,0.43
4737,0,0.38
4738,0,0.45
4739,1,0.5
4740,0,0.37
4741,1,0.54
4742,0,0.43
4743,0,0.44
4744,0,0.36
4745,1,0.55
4746,0,0.39
4747,1,0.5
4748,0,0.35
4749,0,0.38
4750,0,0.3
4751,0,0.31
4752,0,0.33
4753,0,0.36
4754,1,0.51
4755,0,0.43
4756,0,0.39
4757,0,0.32
4758,0,0.33
4759,0,0.41
4760,0,0.46
4761,0,0.41
4762,0,0.42
4763,0,0.47
4764,0,0.4
4765,0,0.34
4766,0,0.39
4767,0,0.45
4768,0,0.33
4769,1,0.56
4770,0,0.35
4771,0,0.29
4772,0,0.47
4773,0,0.38
4774,0,0.41
4775,0,0.43
4776,0,0.37
4777,0,0.32
4778,0,0.31
4779,0,0.42
4780,0,0.38
4781,0,0.32
4782,0,0.41
4783,0,0.48
4784,0,0.46
4785,0,0.33
4786,0,0.35
4787,0,0.42
4788,0,0.3
4789,0,0.38
4790,0,0.45
4791,0,0.4
4792,0,0.35
4793,0,0.45
4794,0,0.43
4795,0,0.33
4796,0,0.41
4797,0,0.41
4798,0,0.45
4799,0,0.44
4800,0,0.37
4801,1,0.58
4802,0,0.41
4803,0,0.33
4804,0,0.43
4805,0,0.43
4806,0,0.42
4807,0,0.44
4808,0,0.4
4809,0,0.41
4810,0,0.32
4811,0,0.45
4812,0,0.34
4813,0,0.31
4814,0,0.43
4815,0,0.38
4816,0,0.38
4817,0,0.38
4818,0,0.33
4819,0,0.44
4820,0,0.41
4821,0,0.38
4822,0,0.36
4823,0,0.43
4824,0,0.34
4825,0,0.43
4826,0,0.34
4827,0,0.44
4828,0,0.31
4829,0,0.39
4830,0,0.3
4831,0,0.35
4832,0,0.33
4833,0,0.34
4834,0,0.38
4835,0,0.44
4836,0,0.45
4837,0,0.33
4838,0,0.47
4839,0,0.45
4840,0,0.45
4841,1,0.54
4842,0,0.38
4843,0,0.44
4844,0,0.43
4845,0,0.37
4846,0,0.33
4847,0,0.3
4848,0,0.49
4849,1,0.53
4850,0,0.35
4851,0,0.41
4852,1,0.5
4853,1,0.55
4854,0,0.43
4855,0,0.3
4856,0,0.41
4857,0,0.36
4858,0,0.31
4859,0,0.37
4860,0,0.43
4861,0,0.29
4862,1,0.51
4863,0,0.45
4864,0,0.42
4865,0,0.45
4866,0,0.29
4867,0,0.3
4868,0,0.4
4869,0,0.4
4870,0,0.31
4871,0,0.38
4872,0,0.4
4873,0,0.37
4874,0,0.31
4875,0,0.37
4876,0,0.47
4877,0,0.46
4878,0,0.32
4879,0,0.33
4880,1,0.51
4881,0,0.41
4882,0,0.36
4883,0,0.4
4884,0,0.39
4885,0,0.43
4886,0,0.46
4887,0,0.31
4888,0,0.39
4889,0,0.45
4890,0,0.44
4891,0,0.42
4892,0,0.32
4893,0,0.41
4894,0,0.31
4895,0,0.41
4896,0,0.47
4897,0,0.31
4898,0,0.33
4899,0,0.32
4900,0,0.49
4901,0,0.44
4902,1,0.5
4903,0,0.31
4904,1,0.53
4905,0,0.4
4906,0,0.43
4907,0,0.41
4908,0,0.44
4909,0,0.44
4910,0,0.36
4911,0,0.32
4912,0,0.38
4913,0,0.44
4914,0,0.34
4915,0,0.36
4916,0,0.36
4917,0,0.47
4918,0,0.32
4919,0,0.41
4920,0,0.44
4921,0,0.44
4922,0,0.42
4923,0,0.37
4924,0,0.35
4925,0,0.24
4926,0,0.43
4927,0,0.37
4928,0,0.35
4929,1,0.53
4930,0,0.37
4931,0,0.31
4932,0,0.37
4933,0,0.37
4934,0,0.28
4935,0,0.45
4936,1,0.56
4937,0,0.46
4938,0,0.37
4939,0,0.37
4940,0,0.32
4941,0,0.36
4942,0,0.35
4943,0,0.29
4944,0,0.37
4945,0,0.34
4946,0,0.4
4947,1,0.51
4948,0,0.37
4949,0,0.28
4950,0,0.27
4951,1,0.56
4952,0,0.42
4953,1,0.51
4954,0,0.35
4955,1,0.53
4956,0,0.47
4957,0,0.47
4958,0,0.31
4959,0,0.41
4960,0,0.33
4961,0,0.42
4962,0,0.32
4963,0,0.31
4964,0,0.39
4965,0,0.34
4966,0,0.31
4967,0,0.28
4968,0,0.33
4969,1,0.5
4970,0,0.34
4971,0,0.27
4972,0,0.39
4973,0,0.42
4974,0,0.46
4975,0,0.29
4976,0,0.42
4977,0,0.37
4978,0,0.36
4979,0,0.26
4980,0,0.42
4981,1,0.52
4982,0,0.3
4983,0,0.42
4984,1,0.51
4985,0,0.36
4986,0,0.38
4987,0,0.36
4988,0,0.45
4989,0,0.36
4990,0,0.25
4991,0,0.23
4992,0,0.43
4993,0,0.46
4994,0,0.39
4995,0,0.39
4996,0,0.41
4997,0,0.39
4998,0,0.47
4999,0,0.44
5000,0,0.34
5001,0,0.28
5002,0,0.3
5003,0,0.42
5004,0,0.35
5005,0,0.44
5006,0,0.42
5007,0,0.28
5008,0,0.36
5009,0,0.29
5010,0,0.47
5011,0,0.4
5012,0,0.46
5013,0,0.33
5014,1,0.55
5015,0,0.49
5016,0,0.34
5017,0,0.33
5018,0,0.42
5019,0,0.44
5020,0,0.44
5021,0,0.38
5022,0,0.34
5023,0,0.44
5024,0,0.43
5025,0,0.43
5026,0,0.35
5027,0,0.36
5028,0,0.45
5029,0,0.45
5030,0,0.25
5031,1,0.5
5032,0,0.45
5033,0,0.41
5034,0,0.32
5035,1,0.53
5036,0,0.34
5037,0,0.37
5038,0,0.47
5039,0,0.37
5040,1,0.55
5041,0,0.38
5042,0,0.4
5043,0,0.39
5044,0,0.41
5045,0,0.38
5046,0,0.4
5047,0,0.35
5048,0,0.37
5049,0,0.44
5050,0,0.33
5051,0,0.45
5052,0,0.4
5053,0,0.31
5054,0,0.33
5055,0,0.39
5056,1,0.52
5057,0,0.37
5058,0,0.38
5059,0,0.34
5060,0,0.39
5061,0,0.35
5062,0,0.44
5063,0,0.35
5064,0,0.36
5065,0,0.26
5066,1,0.52
5067,0,0.41
5068,0,0.33
5069,0,0.44
5070,1,0.52
5071,0,0.35
5072,0,0.49
5073,0,0.4
5074,0,0.31
5075,0,0.41
5076,0,0.42
5077,0,0.4
5078,0,0.31
5079,0,0.42
5080,0,0.38
5081,0,0.4
5082,0,0.41
5083,0,0.39
5084,0,0.39
5085,0,0.38
5086,0,0.39
5087,0,0.43
5088,0,0.33
5089,0,0.42
5090,0,0.27
5091,1,0.52
5092,0,0.24
5093,0,0.3
5094,0,0.39
5095,0,0.42
5096,0,0.38
5097,0,0.39
5098,0,0.39
5099,1,0.53
5100,0,0.33
5101,0,0.49
5102,0,0.38
5103,0,0.45
5104,0,0.38
5105,0,0.39
5106,0,0.46
5107,0,0.38
5108,0,0.37
5109,0,0.31
5110,0,0.4
5111,0,0.35
5112,0,0.47
5113,0,0.31
5114,0,0.45
5115,0,0.39
5116,0,0.4
5117,0,0.43
5118,0,0.39
5119,0,0.38
5120,0,0.45
5121,0,0.27
5122,0,0.34
5123,0,0.31
5124,0,0.42
5125,0,0.36
5126,0,0.45
5127,0,0.4
5128,0,0.45
5129,0,0.45
5130,0,0.32
5131,0,0.24
5132,0,0.45
5133,0,0.39
5134,0,0.4
5135,0,0.41
5136,0,0.33
5137,1,0.56
5138,0,0.46
5139,0,0.45
5140,0,0.39
5141,1,0.52
5142,0,0.32
5143,0,0.45
5144,0,0.41
5145,0,0.45
5146,0,0.43
5147,0,0.38
5148,0,0.41
5149,0,0.44
5150,0,0.42
5151,0,0.34
5152,0,0.33
5153,0,0.4
5154,0,0.45
5155,0,0.37
5156,0,0.38
5157,0,0.31
5158,0,0.33
5159,0,0.43
5160,0,0.39
5161,0,0.48
5162,0,0.33
5163,0,0.3
5164,0,0.35
5165,0,0.28
5166,1,0.55
5167,0,0.4
5168,0,0.38
5169,0,0.39
5170,0,0.29
5171,0,0.33
5172,0,0.29
5173,0,0.41
5174,0,0.29
5175,0,0.42
5176,0,0.4
5177,0,0.33
5178,0,0.41
5179,0,0.44
5180,0,0.43
5181,0,0.4
5182,0,0.4
5183,0,0.27
5184,0,0.48
5185,0,0.38
5186,0,0.38
5187,0,0.44
5188,0,0.47
5189,0,0.42
5190,0,0.34
5191,0,0.43
5192,0,0.36
5193,0,0.42
5194,0,0.43
5195,0,0.38
5196,0,0.39
5197,0,0.46
5198,0,0.45
5199,1,0.52
5200,0,0.43
5201,0,0.44
5202,0,0.34
5203,0,0.44
5204,0,0.41
5205,1,0.53
5206,0,0.4
5207,0,0.35
5208,1,0.52
5209,0,0.3
5210,0,0.45
5211,0,0.38
5212,0,0.39
5213,0,0.45
5214,0,0.41
5215,0,0.48
5216,0,0.3
5217,0,0.44
5218,0,0.35
5219,0,0.33
5220,0,0.32
5221,0,0.31
5222,0,0.46
5223,0,0.25
5224,0,0.41
5225,0,0.46
5226,0,0.44
5227,0,0.33
5228,0,0.48
5229,0,0.3
5230,0,0.49
5231,0,0.41
5232,0,0.38
5233,0,0.33
5234,0,0.43
5235,0,0.42
5236,0,0.39
5237,0,0.43
5238,0,0.32
5239,0,0.34
5240,0,0.43
5241,0,0.45
5242,0,0.38
5243,0,0.37
5244,0,0.37
5245,0,0.44
5246,0,0.43
5247,0,0.46
5248,0,0.39
5249,0,0.33
5250,0,0.38
5251,0,0.43
5252,0,0.46
5253,0,0.45
5254,0,0.42
5255,0,0.45
5256,0,0.34
5257,0,0.42
5258,0,0.46
5259,0,0.43
5260,0,0.46
5261,0,0.4
5262,0,0.46
5263,0,0.4
5264,0,0.49
5265,1,0.53
5266,0,0.42
5267,0,0.34
5268,0,0.49
5269,0,0.39
5270,0,0.31
5271,0,0.35
5272,0,0.31
5273,1,0.5
5274,0,0.43
5275,0,0.46
5276,0,0.35
5277,0,0.37
5278,0,0.49
5279,0,0.41
5280,0,0.42
5281,0,0.38
5282,0,0.38
5283,1,0.52
5284,0,0.31
5285,1,0.51
5286,0,0.42
5287,0,0.35
5288,0,0.32
5289,0,0.46
5290,0,0.43
5291,0,0.38
5292,0,0.4
5293,0,0.45
5294,0,0.41
5295,0,0.42
5296,0,0.44
5297,0,0.41
5298,0,0.41
5299,0,0.42
5300,0,0.44
5301,0,0.45
5302,0,0.4
5303,0,0.32
5304,0,0.42
5305,0,0.38
5306,0,0.46
5307,0,0.33
5308,1,0.53
5309,0,0.4
5310,0,0.42
5311,0,0.41
5312,0,0.29
5313,0,0.33
5314,0,0.38
5315,0,0.39
5316,0,0.37
5317,0,0.43
5318,0,0.28
5319,0,0.33
5320,0,0.46
5321,0,0.35
5322,0,0.44
5323,0,0.36
5324,0,0.42
5325,0,0.33
5326,0,0.32
5327,0,0.32
5328,0,0.35
5329,0,0.38
5330,0,0.39
5331,0,0.49
5332,0,0.41
5333,0,0.39
5334,0,0.4
5335,0,0.44
5336,0,0.41
5337,0,0.32
5338,0,0.29
5339,0,0.35
5340,0,0.32
5341,0,0.38
5342,1,0.55
5343,0,0.35
5344,0,0.39
5345,0,0.4
5346,0,0.38
5347,0,0.38
5348,0,0.45
5349,0,0.35
5350,0,0.45
5351,0,0.41
5352,0,0.43
5353,0,0.37
5354,0,0.3
5355,1,0.52
5356,0,0.43
5357,0,0.39
5358,0,0.42
5359,0,0.39
5360,0,0.46
5361,0,0.45
5362,0,0.33
5363,0,0.43
5364,0,0.42
5365,0,0.37
5366,0,0.42
5367,0,0.39
5368,0,0.42
5369,1,0.5
5370,0,0.35
5371,0,0.37
5372,0,0.4
5373,0,0.43
5374,0,0.43
5375,0,0.38
5376,0,0.33
5377,0,0.39
5378,0,0.27
5379,0,0.39
5380,0,0.4
5381,0,0.46
5382,0,0.36
5383,0,0.35
5384,0,0.35
5385,0,0.3
5386,0,0.42
5387,0,0.3
5388,0,0.26
5389,0,0.33
5390,0,0.4
5391,0,0.45
5392,0,0.29
5393,0,0.43
5394,0,0.43
5395,0,0.43
5396,0,0.46
5397,0,0.35
5398,0,0.43
5399,0,0.34
5400,0,0.41
5401,0,0.36
5402,0,0.35
5403,0,0.34
5404,0,0.4
5405,0,0.43
5406,0,0.39
5407,0,0.42
5408,0,0.38
5409,0,0.39
5410,0,0.42
5411,0,0.41
5412,1,0.52
5413,0,0.39
5414,0,0.4
5415,0,0.42
5416,0,0.29
5417,0,0.4
5418,0,0.3
5419,0,0.44
5420,0,0.43
5421,0,0.45
5422,0,0.39
5423,0,0.4
5424,0,0.33
5425,0,0.42
5426,0,0.37
5427,0,0.4
5428,0,0.32
5429,0,0.47
5430,0,0.4
5431,0,0.36
5432,0,0.37
5433,1,0.5
5434,0,0.41
5435,0,0.39
5436,0,0.43
5437,0,0.36
5438,0,0.49
5439,0,0.38
5440,0,0.43
5441,0,0.28
5442,0,0.39
5443,0,0.4
5444,0,0.34
5445,0,0.45
5446,0,0.39
5447,0,0.33
5448,0,0.33
5449,0,0.42
5450,0,0.42
5451,0,0.46
5452,0,0.41
5453,0,0.38
5454,0,0.37
5455,1,0.56
5456,0,0.29
5457,0,0.3
5458,0,0.33
5459,0,0.26
5460,0,0.46
5461,0,0.35
5462,0,0.38
5463,0,0.38
5464,0,0.27
5465,0,0.36
5466,0,0.3
5467,0,0.37
5468,0,0.43
5469,0,0.43
5470,0,0.38
5471,0,0.41
5472,0,0.33
5473,0,0.33
5474,0,0.29
5475,0,0.46
5476,0,0.38
5477,1,0.51
5478,0,0.37
5479,0,0.42
5480,0,0.3
5481,0,0.34
5482,1,0.53
5483,0,0.34
5484,0,0.4
5485,0,0.42
5486,0,0.33
5487,0,0.4
5488,0,0.35
5489,0,0.46
5490,0,0.28
5491,0,0.25
5492,0,0.29
5493,0,0.43
5494,0,0.48
5495,0,0.39
5496,0,0.35
5497,0,0.42
5498,0,0.37
5499,1,0.55
5500,0,0.42
5501,0,0.37
5502,0,0.33
5503,0,0.37
5504,0,0.35
5505,0,0.47
5506,0,0.34
5507,0,0.33
5508,0,0.33
5509,0,0.42
5510,0,0.3
5511,0,0.38
5512,0,0.4
5513,0,0.28
5514,0,0.41
5515,0,0.34
5516,0,0.39
5517,0,0.3
5518,0,0.4
5519,0,0.38
5520,0,0.34
5521,0,0.37
5522,0,0.39
5523,0,0.44
5524,0,0.31
5525,0,0.4
5526,0,0.4
5527,0,0.41
5528,0,0.44
5529,0,0.41
5530,0,0.34
5531,0,0.42
5532,0,0.43
5533,0,0.35
5534,0,0.43
5535,0,0.37
5536,0,0.38
5537,0,0.3
5538,0,0.46
5539,0,0.46
5540,0,0.38
5541,0,0.32
5542,0,0.42
5543,0,0.39
5544,0,0.42
5545,0,0.43
5546,0,0.44
5547,0,0.25
5548,1,0.53
5549,0,0.43
5550,1,0.5
5551,1,0.56
5552,0,0.4
5553,0,0.38
5554,0,0.34
5555,0,0.42
5556,0,0.43
5557,0,0.34
5558,0,0.46
5559,0,0.45
5560,0,0.29
5561,0,0.4
5562,0,0.32
5563,0,0.44
5564,0,0.34
5565,0,0.33
5566,0,0.33
5567,0,0.4
5568,0,0.43
5569,0,0.45
5570,1,0.51
5571,0,0.4
5572,0,0.4
5573,0,0.36
5574,1,0.56
5575,0,0.38
5576,0,0.41
5577,0,0.34
5578,0,0.41
5579,0,0.38
5580,0,0.41
5581,0,0.41
5582,0,0.45
5583,0,0.41
5584,0,0.4
5585,0,0.35
5586,0,0.32
5587,0,0.36
5588,0,0.44
5589,0,0.31
5590,0,0.39
5591,0,0.36
5592,1,0.55
5593,0,0.31
5594,0,0.37
5595,0,0.31
5596,0,0.33
5597,0,0.43
5598,0,0.41
5599,0,0.41
5600,0,0.46
5601,0,0.34
5602,0,0.35
5603,0,0.42
5604,0,0.34
5605,0,0.31
5606,0,0.31
5607,0,0.29
5608,0,0.49
5609,0,0.32
5610,0,0.39
5611,0,0.49
5612,0,0.43
5613,0,0.41
5614,0,0.37
5615,0,0.39
5616,0,0.33
5617,0,0.37
5618,0,0.33
5619,0,0.33
5620,0,0.41
5621,0,0.44
5622,0,0.47
5623,0,0.37
5624,0,0.35
5625,0,0.4
5626,0,0.38
5627,0,0.33
5628,0,0.47
5629,0,0.41
5630,1,0.52
5631,0,0.42
5632,0,0.32
5633,0,0.43
5634,0,0.25
5635,0,0.33
5636,0,0.31
5637,0,0.28
5638,0,0.4
5639,0,0.33
5640,0,0.28
5641,0,0.46
5642,0,0.39
5643,0,0.4
5644,0,0.47
5645,0,0.48
5646,0,0.38
5647,0,0.32
5648,0,0.42
5649,1,0.53
5650,0,0.35
5651,0,0.37
5652,0,0.39
5653,0,0.34
5654,0,0.43
5655,0,0.44
5656,0,0.43
5657,0,0.31
5658,0,0.39
5659,0,0.36
5660,0,0.36
5661,0,0.47
5662,0,0.34
5663,0,0.43
5664,0,0.4
5665,0,0.44
5666,0,0.33
5667,0,0.33
5668,0,0.34
5669,0,0.47
5670,0,0.48
5671,0,0.4
5672,0,0.41
5673,0,0.38
5674,0,0.34
5675,0,0.36
5676,0,0.44
5677,0,0.33
5678,0,0.42
5679,0,0.33
5680,0,0.41
5681,1,0.51
5682,1,0.5
5683,0,0.25
5684,0,0.36
5685,0,0.43
5686,0,0.43
5687,1,0.5
5688,0,0.45
5689,0,0.38
5690,0,0.45
5691,0,0.38
5692,0,0.34
5693,0,0.29
5694,0,0.39
5695,0,0.33
5696,0,0.42
5697,0,0.31
5698,0,0.45
5699,0,0.38
5700,0,0.31
5701,0,0.45
5702,0,0.33
5703,0,0.44
5704,1,0.53
5705,0,0.35
5706,0,0.33
5707,0,0.46
5708,0,0.33
5709,0,0.43
5710,0,0.33
5711,0,0.45
5712,0,0.41
5713,0,0.36
5714,0,0.44
5715,1,0.53
5716,0,0.37
5717,0,0.34
5718,0,0.49
5719,0,0.42
5720,0,0.36
5721,0,0.36
5722,0,0.31
5723,0,0.41
5724,0,0.42
5725,0,0.47
5726,0,0.36
5727,0,0.42
5728,0,0.45
5729,0,0.42
5730,0,0.32
5731,0,0.44
5732,0,0.37
5733,0,0.42
5734,0,0.44
5735,0,0.4
5736,0,0.41
5737,0,0.33
5738,0,0.34
5739,0,0.32
5740,0,0.43
5741,0,0.44
5742,0,0.37
5743,0,0.46
5744,1,0.54
5745,0,0.49
5746,0,0.42
5747,0,0.39
5748,0,0.33
5749,0,0.38
5750,0,0.43
5751,0,0.38
5752,0,0.42
5753,0,0.42
5754,0,0.34
5755,0,0.38
5756,0,0.42
5757,0,0.41
5758,1,0.53
5759,0,0.38
5760,0,0.44
5761,0,0.41
5762,0,0.42
5763,0,0.42
5764,0,0.4
5765,0,0.41
5766,0,0.42
5767,0,0.33
5768,0,0.39
5769,0,0.45
5770,0,0.44
5771,0,0.38
5772,0,0.33
5773,0,0.4
5774,0,0.34
5775,0,0.28
5776,0,0.4
5777,0,0.4
5778,0,0.4
5779,0,0.32
5780,0,0.42
5781,0,0.41
5782,0,0.39
5783,1,0.55
5784,1,0.57
5785,0,0.29
5786,0,0.42
5787,0,0.37
5788,0,0.38
5789,0,0.29
5790,0,0.36
5791,0,0.35
5792,0,0.41
5793,0,0.42
5794,0,0.29
5795,0,0.46
5796,0,0.43
5797,0,0.39
5798,0,0.36
5799,0,0.47
5800,0,0.3
5801,0,0.35
5802,0,0.48
5803,0,0.33
5804,0,0.46
5805,0,0.44
5806,0,0.45
5807,0,0.34
5808,0,0.42
5809,0,0.44
5810,0,0.44
5811,0,0.32
5812,0,0.4
5813,0,0.44
5814,0,0.44
5815,0,0.34
5816,0,0.45
5817,0,0.31
5818,0,0.29
5819,0,0.45
5820,0,0.45
5821,0,0.37
5822,0,0.42
5823,0,0.42
5824,0,0.38
5825,0,0.43
5826,1,0.53
5827,0,0.46
5828,0,0.4
5829,0,0.45
5830,0,0.33
5831,0,0.34
5832,0,0.47
5833,0,0.28
5834,1,0.53
5835,0,0.45
5836,0,0.35
5837,0,0.28
5838,0,0.31
5839,0,0.38
5840,0,0.48
5841,0,0.36
5842,0,0.47
5843,0,0.34
5844,0,0.46
5845,0,0.43
5846,0,0.46
5847,0,0.46
5848,0,0.4
5849,0,0.42
5850,0,0.42
5851,0,0.42
5852,0,0.45
5853,0,0.46
5854,0,0.4
5855,0,0.3
5856,0,0.36
5857,0,0.3
5858,0,0.37
5859,0,0.42
5860,0,0.4
5861,0,0.44
5862,0,0.35
5863,0,0.31
5864,0,0.38
5865,0,0.42
5866,0,0.34
5867,0,0.35
5868,1,0.57
5869,0,0.25
5870,0,0.46
5871,0,0.29
5872,0,0.31
5873,0,0.48
5874,0,0.35
5875,0,0.46
5876,0,0.39
5877,1,0.56
5878,0,0.44
5879,0,0.34
5880,0,0.34
5881,0,0.3
5882,0,0.4
5883,0,0.32
5884,0,0.31
5885,1,0.53
5886,0,0.36
5887,0,0.42
5888,0,0.31
5889,0,0.43
5890,1,0.5
5891,0,0.38
5892,0,0.3
5893,0,0.32
5894,0,0.33
5895,0,0.45
5896,0,0.37
5897,1,0.53
5898,0,0.44
5899,0,0.35
5900,0,0.44
5901,0,0.39
5902,0,0.4
5903,0,0.29
5904,0,0.41
5905,0,0.42
5906,0,0.48
5907,0,0.42
5908,0,0.27
5909,0,0.33
5910,0,0.42
5911,0,0.24
5912,0,0.26
5913,0,0.46
5914,0,0.36
5915,0,0.32
5916,0,0.43
5917,0,0.45
5918,0,0.34
5919,0,0.43
5920,0,0.4
5921,0,0.45
5922,0,0.36
5923,0,0.43
5924,0,0.49
5925,0,0.42
5926,0,0.31
5927,0,0.43
5928,0,0.4
5929,0,0.42
5930,0,0.4
5931,0,0.37
5932,0,0.44
5933,1,0.53
5934,1,0.53
5935,0,0.41
5936,0,0.47
5937,0,0.39
5938,0,0.43
5939,0,0.45
5940,0,0.34
5941,0,0.36
5942,0,0.39
5943,0,0.31
5944,0,0.47
5945,0,0.33
5946,0,0.41
5947,0,0.37
5948,0,0.36
5949,0,0.37
5950,0,0.42
5951,0,0.28
5952,0,0.4
5953,0,0.29
5954,0,0.33
5955,0,0.31
5956,0,0.4
5957,0,0.37
5958,0,0.43
5959,0,0.34
5960,0,0.35
5961,0,0.38
5962,0,0.23
5963,0,0.32
5964,0,0.35
5965,0,0.38
5966,0,0.34
5967,0,0.42
5968,1,0.52
5969,0,0.34
5970,0,0.35
5971,1,0.52
5972,0,0.44
5973,0,0.47
5974,0,0.42
5975,0,0.37
5976,1,0.5
5977,0,0.39
5978,0,0.42
5979,0,0.4
5980,0,0.41
5981,0,0.36
5982,0,0.39
5983,0,0.32
5984,0,0.31
5985,0,0.34
5986,0,0.35
5987,0,0.43
5988,0,0.32
5989,0,0.33
5990,1,0.56
5991,0,0.4
5992,0,0.39
5993,0,0.38
5994,1,0.51
5995,0,0.42
5996,0,0.45
5997,0,0.42
5998,1,0.5
5999,0,0.41
6000,0,0.4
6001,0,0.41
6002,0,0.31
6003,0,0.42
6004,0,0.4
6005,0,0.38
6006,0,0.4
6007,0,0.4
6008,0,0.38
6009,0,0.32
6010,0,0.45
6011,0,0.36
6012,0,0.37
6013,0,0.46
6014,0,0.43
6015,0,0.41
6016,0,0.46
6017,0,0.44
6018,0,0.26
6019,0,0.35
6020,0,0.43
6021,0,0.34
6022,0,0.31
6023,0,0.4
6024,1,0.54
6025,1,0.53
6026,0,0.35
6027,0,0.31
6028,0,0.34
6029,0,0.35
6030,1,0.55
6031,0,0.41
6032,0,0.48
6033,0,0.44
6034,0,0.41
6035,0,0.3
6036,0,0.47
6037,0,0.44
6038,0,0.43
6039,0,0.45
6040,1,0.58
6041,0,0.43
6042,0,0.33
6043,1,0.54
6044,0,0.28
6045,0,0.35
6046,0,0.39
6047,0,0.39
6048,0,0.3
6049,0,0.42
6050,0,0.42
6051,0,0.41
6052,0,0.34
6053,0,0.42
6054,0,0.41
6055,0,0.39
6056,0,0.26
6057,0,0.38
6058,0,0.29
6059,0,0.29
6060,0,0.42
6061,0,0.45
6062,0,0.31
6063,0,0.41
6064,0,0.43
6065,0,0.34
6066,0,0.41
6067,1,0.53
6068,0,0.26
6069,0,0.31
6070,0,0.4
6071,0,0.39
6072,0,0.43
6073,0,0.31
6074,0,0.4
6075,0,0.32
6076,0,0.31
6077,0,0.39
6078,0,0.43
6079,0,0.4
6080,0,0.32
6081,0,0.25
6082,0,0.31
6083,0,0.42
6084,1,0.55
6085,0,0.4
6086,0,0.31
6087,0,0.39
6088,0,0.38
6089,0,0.35
6090,1,0.58
6091,0,0.42
6092,1,0.59
6093,0,0.41
6094,0,0.41
6095,0,0.42
6096,0,0.34
6097,1,0.52
6098,0,0.4
6099,0,0.33
6100,0,0.43
6101,0,0.43
6102,0,0.46
6103,0,0.37
6104,0,0.34
6105,0,0.33
6106,0,0.43
6107,0,0.34
6108,0,0.33
6109,0,0.31
6110,0,0.32
6111,0,0.29
6112,0,0.37
6113,0,0.45
6114,0,0.32
6115,0,0.27
6116,0,0.45
6117,0,0.37
6118,0,0.43
6119,0,0.45
6120,0,0.3
6121,0,0.25
6122,0,0.3
6123,0,0.4
6124,0,0.43
6125,0,0.37
6126,0,0.41
6127,0,0.41
6128,0,0.41
6129,0,0.35
6130,0,0.42
6131,0,0.39
6132,0,0.45
6133,0,0.39
6134,0,0.32
6135,0,0.36
6136,0,0.45
6137,0,0.42
6138,0,0.28
6139,0,0.38
6140,0,0.35
6141,0,0.35
6142,0,0.44
6143,0,0.34
6144,0,0.41
6145,0,0.42
6146,0,0.39
6147,0,0.36
6148,0,0.47
6149,0,0.38
6150,0,0.26
6151,0,0.37
6152,0,0.35
6153,0,0.38
6154,0,0.42
6155,0,0.44
6156,0,0.32
6157,0,0.41
6158,0,0.35
6159,0,0.34
6160,0,0.33
6161,0,0.4
6162,0,0.38
6163,0,0.49
6164,0,0.36
6165,1,0.51
6166,0,0.48
6167,0,0.37
6168,0,0.43
6169,0,0.46
6170,0,0.35
6171,0,0.32
6172,0,0.42
6173,0,0.32
6174,0,0.43
6175,0,0.27
6176,0,0.38
6177,0,0.46
6178,0,0.31
6179,1,0.55
6180,0,0.47
6181,0,0.44
6182,0,0.41
6183,0,0.41
6184,0,0.41
6185,0,0.34
6186,0,0.42
6187,0,0.44
6188,0,0.3
6189,0,0.39
6190,0,0.4
6191,0,0.46
6192,1,0.5
6193,0,0.39
6194,0,0.41
6195,0,0.38
6196,0,0.47
6197,0,0.45
6198,0,0.31
6199,0,0.34
6200,0,0.47
6201,0,0.43
6202,1,0.51
6203,0,0.35
6204,0,0.43
6205,0,0.26
6206,0,0.42
6207,0,0.42
6208,0,0.45
6209,0,0.4
6210,0,0.34
6211,0,0.32
6212,0,0.48
6213,0,0.29
6214,0,0.39
6215,0,0.43
6216,1,0.5
6217,0,0.37
6218,0,0.39
6219,0,0.36
6220,0,0.48
6221,0,0.33
6222,0,0.36
6223,0,0.42
6224,0,0.3
6225,0,0.38
6226,0,0.43
6227,0,0.43
6228,0,0.37
6229,0,0.39
6230,0,0.38
6231,0,0.33
6232,1,0.54
6233,1,0.5
6234,0,0.34
6235,0,0.42
6236,1,0.5
6237,0,0.45
6238,0,0.45
6239,0,0.4
6240,0,0.42
6241,1,0.53
6242,0,0.33
6243,0,0.44
6244,0,0.38
6245,0,0.44
6246,0,0.42
6247,0,0.38
6248,0,0.39
6249,0,0.37
6250,0,0.46
6251,0,0.42
6252,0,0.32
6253,0,0.42
6254,0,0.4
6255,0,0.41
6256,0,0.46
6257,0,0.25
6258,1,0.53
6259,0,0.35
6260,0,0.39
6261,0,0.3
6262,0,0.42
6263,0,0.44
6264,0,0.32
6265,0,0.45
6266,0,0.34
6267,0,0.42
6268,0,0.45
6269,0,0.38
6270,0,0.38
6271,0,0.35
6272,0,0.43
6273,0,0.37
6274,1,0.54
6275,0,0.38
6276,0,0.4
6277,0,0.32
6278,0,0.33
6279,0,0.43
6280,0,0.31
6281,0,0.32
6282,0,0.28
6283,0,0.34
6284,1,0.5
6285,0,0.37
6286,0,0.32
6287,0,0.3
6288,0,0.32
6289,0,0.47
6290,0,0.45
6291,0,0.41
6292,0,0.41
6293,0,0.42
6294,0,0.39
6295,0,0.33
6296,0,0.41
6297,1,0.5
6298,0,0.44
6299,0,0.44
6300,0,0.41
6301,0,0.42
6302,1,0.52
6303,0,0.46
6304,0,0.44
6305,0,0.39
6306,0,0.41
6307,0,0.45
6308,0,0.35
6309,0,0.42
6310,0,0.43
6311,0,0.41
6312,0,0.44
6313,0,0.41
6314,1,0.52
6315,0,0.39
6316,0,0.41
6317,0,0.41
6318,0,0.46
6319,0,0.33
6320,1,0.53
6321,0,0.33
6322,0,0.35
6323,1,0.52
6324,0,0.42
6325,0,0.38
6326,0,0.37
6327,0,0.41
6328,0,0.39
6329,0,0.4
6330,0,0.43
6331,0,0.37
6332,0,0.44
6333,0,0.43
6334,0,0.42
6335,0,0.42
6336,0,0.33
6337,0,0.35
6338,0,0.41
6339,0,0.32
6340,0,0.31
6341,0,0.37
6342,0,0.41
6343,0,0.43
6344,0,0.39
6345,0,0.47
6346,1,0.5
6347,0,0.49
6348,0,0.33
6349,0,0.32
6350,0,0.35
6351,0,0.35
6352,0,0.42
6353,0,0.43
6354,0,0.31
6355,0,0.4
6356,0,0.45
6357,0,0.46
6358,0,0.42
6359,0,0.42
6360,0,0.39
6361,0,0.32
6362,0,0.24
6363,1,0.51
6364,0,0.37
6365,0,0.34
6366,0,0.49
6367,0,0.39
6368,0,0.41
6369,1,0.61
6370,0,0.44
6371,0,0.44
6372,0,0.34
6373,0,0.34
6374,0,0.44
6375,0,0.44
6376,0,0.48
6377,0,0.44
6378,0,0.31
6379,0,0.34
6380,0,0.39
6381,0,0.45
6382,0,0.33
6383,0,0.37
6384,0,0.39
6385,0,0.37
6386,1,0.53
6387,0,0.38
6388,0,0.32
6389,0,0.32
6390,0,0.43
6391,0,0.43
6392,0,0.41
6393,0,0.36
6394,0,0.37
6395,0,0.24
6396,0,0.42
6397,0,0.43
6398,1,0.51
6399,0,0.43
6400,0,0.35
6401,0,0.38
6402,0,0.34
6403,0,0.37
6404,0,0.45
6405,0,0.43
6406,0,0.41
6407,0,0.36
6408,0,0.28
6409,0,0.44
6410,0,0.42
6411,0,0.4
6412,1,0.55
6413,0,0.44
6414,0,0.37
6415,0,0.38
6416,0,0.41
6417,0,0.43
6418,0,0.46
6419,0,0.35
6420,0,0.38
6421,0,0.36
6422,0,0.33
6423,0,0.37
6424,0,0.44
6425,0,0.38
6426,0,0.4
6427,0,0.33
6428,0,0.38
6429,0,0.34
6430,0,0.42
6431,0,0.34
6432,0,0.4
6433,0,0.34
6434,0,0.43
6435,0,0.32
6436,0,0.36
6437,0,0.41
6438,0,0.31
6439,1,0.55
6440,0,0.4
6441,0,0.36
6442,0,0.31
6443,0,0.39
6444,0,0.34
6445,0,0.35
6446,1,0.56
6447,0,0.41
6448,0,0.39
6449,0,0.42
6450,0,0.33
6451,0,0.36
6452,0,0.47
6453,0,0.37
6454,0,0.45
6455,0,0.41
6456,0,0.42
6457,0,0.4
6458,0,0.34
6459,0,0.29
6460,1,0.53
6461,0,0.46
6462,0,0.42
6463,1,0.52
6464,0,0.4
6465,0,0.43
6466,0,0.43
6467,0,0.3
6468,0,0.38
6469,0,0.3
6470,0,0.35
6471,0,0.25
6472,0,0.39
6473,0,0.4
6474,1,0.53
6475,0,0.29
6476,0,0.32
6477,0,0.39
6478,0,0.46
6479,0,0.43
6480,0,0.36
6481,0,0.32
6482,0,0.41
6483,1,0.5
6484,0,0.41
6485,0,0.41
6486,0,0.35
6487,0,0.35
6488,0,0.4
6489,0,0.48
6490,0,0.32
6491,0,0.36
6492,0,0.43
6493,0,0.36
6494,0,0.33
6495,0,0.38
6496,0,0.48
6497,0,0.46
6498,0,0.42
6499,0,0.46
6500,0,0.32
6501,0,0.36
6502,0,0.43
6503,0,0.39
6504,0,0.38
6505,0,0.47
6506,0,0.36
6507,0,0.33
6508,0,0.4
6509,0,0.43
6510,0,0.49
6511,0,0.43
6512,0,0.37
6513,0,0.34
6514,0,0.29
6515,0,0.39
6516,0,0.34
6517,0,0.34
6518,0,0.26
6519,0,0.34
6520,0,0.39
6521,1,0.51
6522,0,0.31
6523,0,0.46
6524,0,0.28
6525,0,0.47
6526,0,0.41
6527,0,0.44
6528,0,0.25
6529,0,0.43
6530,1,0.57
6531,1,0.51
6532,0,0.31
6533,1,0.57
6534,0,0.44
6535,0,0.44
6536,0,0.39
6537,0,0.29
6538,0,0.45
6539,0,0.46
6540,0,0.31
6541,0,0.34
6542,0,0.39
6543,0,0.33
6544,0,0.37
6545,0,0.47
6546,0,0.37
6547,0,0.32
6548,1,0.5
6549,0,0.33
6550,0,0.35
6551,0,0.38
6552,0,0.4
6553,1,0.54
6554,0,0.37
6555,0,0.4
6556,0,0.39
6557,0,0.28
6558,0,0.39
6559,0,0.34
6560,0,0.4
6561,0,0.36
6562,0,0.36
6563,0,0.42
6564,0,0.33
6565,0,0.33
6566,0,0.41
6567,0,0.45
6568,0,0.37
6569,0,0.3
6570,0,0.3
6571,0,0.28
6572,0,0.35
6573,0,0.41
6574,0,0.39
6575,0,0.49
6576,0,0.32
6577,0,0.33
6578,0,0.36
6579,0,0.36
6580,0,0.37
6581,0,0.42
6582,0,0.41
6583,0,0.44
6584,0,0.38
6585,0,0.41
6586,0,0.42
6587,0,0.43
6588,0,0.42
6589,0,0.36
6590,0,0.43
6591,0,0.45
6592,0,0.45
6593,0,0.32
6594,0,0.37
6595,0,0.32
6596,0,0.4
6597,0,0.39
6598,0,0.35
6599,0,0.35
6600,0,0.43
6601,0,0.3
6602,0,0.46
6603,0,0.42
6604,0,0.3
6605,0,0.29
6606,0,0.47
6607,0,0.42
6608,0,0.26
6609,0,0.33
6610,0,0.33
6611,0,0.46
6612,0,0.34
6613,0,0.45
6614,0,0.34
6615,0,0.44
6616,0,0.29
6617,0,0.44
6618,0,0.38
6619,0,0.35
6620,0,0.34
6621,0,0.46
6622,0,0.42
6623,0,0.34
6624,1,0.54
6625,0,0.37
6626,0,0.47
6627,1,0.51
6628,0,0.43
6629,1,0.5
6630,0,0.37
6631,0,0.39
6632,0,0.3
6633,0,0.34
6634,0,0.49
6635,0,0.46
6636,0,0.36
6637,0,0.31
6638,0,0.38
6639,0,0.42
6640,0,0.42
6641,0,0.32
6642,0,0.28
6643,0,0.32
6644,1,0.52
6645,0,0.4
6646,0,0.34
6647,0,0.41
6648,0,0.41
6649,0,0.4
6650,0,0.29
6651,0,0.29
6652,0,0.33
6653,0,0.35
6654,0,0.38
6655,0,0.46
6656,0,0.42
6657,0,0.41
6658,0,0.41
6659,0,0.47
6660,0,0.4
6661,0,0.41
6662,0,0.38
6663,0,0.44
6664,0,0.36
6665,0,0.39
6666,0,0.45
6667,0,0.4
6668,0,0.4
6669,0,0.42
6670,0,0.44
6671,0,0.48
6672,0,0.42
6673,0,0.36
6674,0,0.42
6675,0,0.3
6676,0,0.35
6677,0,0.43
6678,0,0.3
6679,0,0.39
6680,0,0.43
6681,0,0.43
6682,1,0.57
6683,0,0.4
6684,0,0.42
6685,0,0.3
6686,0,0.39
6687,0,0.45
6688,1,0.55
6689,0,0.33
6690,0,0.45
6691,0,0.41
6692,0,0.39
6693,0,0.36
6694,0,0.34
6695,0,0.38
6696,0,0.38
6697,1,0.51
6698,0,0.35
6699,0,0.43
6700,0,0.41
6701,0,0.43
6702,0,0.4
6703,0,0.34
6704,0,0.34
6705,0,0.42
6706,0,0.31
6707,0,0.33
6708,1,0.53
6709,0,0.4
6710,0,0.42
6711,0,0.41
6712,0,0.43
6713,0,0.35
6714,0,0.42
6715,0,0.41
6716,0,0.43
6717,0,0.45
6718,0,0.43
6719,0,0.48
6720,0,0.43
6721,0,0.37
6722,0,0.41
6723,0,0.45
6724,0,0.42
6725,0,0.42
6726,0,0.37
6727,1,0.54
6728,0,0.41
6729,0,0.45
6730,0,0.37
6731,0,0.32
6732,0,0.36
6733,0,0.37
6734,0,0.31
6735,0,0.32
6736,0,0.4
6737,0,0.44
6738,0,0.42
6739,0,0.32
6740,0,0.28
6741,0,0.48
6742,0,0.42
6743,0,0.4
6744,0,0.37
6745,0,0.42
6746,0,0.41
6747,0,0.28
6748,0,0.44
6749,1,0.54
6750,0,0.4
6751,0,0.46
6752,0,0.41
6753,0,0.32
6754,0,0.37
6755,0,0.35
6756,0,0.43
6757,0,0.42
6758,0,0.38
6759,0,0.36
6760,0,0.42
6761,0,0.31
6762,0,0.33
6763,0,0.35
6764,0,0.39
6765,0,0.43
6766,0,0.42
6767,0,0.32
6768,0,0.35
6769,0,0.45
6770,0,0.41
6771,1,0.52
6772,0,0.35
6773,0,0.36
6774,0,0.44
6775,0,0.33
6776,0,0.43
6777,0,0.43
6778,0,0.31
6779,0,0.44
6780,0,0.34
6781,0,0.29
6782,0,0.44
6783,0,0.33
6784,0,0.28
6785,0,0.33
6786,0,0.43
6787,0,0.31
6788,0,0.4
6789,0,0.36
6790,0,0.33
6791,0,0.43
6792,0,0.32
6793,0,0.39
6794,0,0.44
6795,0,0.42
6796,0,0.38
6797,0,0.33
6798,0,0.33
6799,0,0.32
6800,0,0.45
6801,0,0.39
6802,0,0.37
6803,0,0.36
6804,0,0.44
6805,1,0.53
6806,0,0.44
6807,0,0.39
6808,0,0.28
6809,0,0.42
6810,1,0.52
6811,0,0.31
6812,0,0.32
6813,0,0.46
6814,0,0.4
6815,0,0.41
6816,0,0.4
6817,0,0.43
6818,0,0.43
6819,0,0.43
6820,0,0.44
6821,0,0.4
6822,0,0.38
6823,0,0.48
6824,0,0.28
6825,0,0.46
6826,0,0.37
6827,0,0.33
6828,0,0.39
6829,0,0.3
6830,0,0.3
6831,0,0.35
6832,0,0.46
6833,0,0.41
6834,0,0.41
6835,0,0.3
6836,0,0.4
6837,0,0.48
6838,0,0.49
6839,0,0.41
6840,0,0.43
6841,0,0.32
6842,0,0.26
6843,0,0.31
6844,0,0.47
6845,0,0.4
6846,1,0.55
6847,0,0.46
6848,0,0.29
6849,0,0.37
6850,0,0.33
6851,0,0.4
6852,0,0.43
6853,0,0.41
6854,0,0.42
6855,0,0.34
6856,0,0.37
6857,0,0.42
6858,0,0.39
6859,0,0.35
6860,0,0.45
6861,0,0.4
6862,0,0.41
6863,1,0.57
6864,0,0.37
6865,1,0.5
6866,0,0.25
6867,1,0.52
6868,0,0.44
6869,0,0.42
6870,0,0.4
6871,0,0.36
6872,0,0.42
6873,0,0.39
6874,0,0.41
6875,0,0.3
6876,0,0.42
6877,0,0.41
6878,0,0.48
6879,1,0.5
6880,0,0.36
6881,0,0.43
6882,0,0.39
6883,0,0.43
6884,0,0.39
6885,0,0.3
6886,0,0.34
6887,0,0.45
6888,0,0.35
6889,0,0.47
6890,1,0.53
6891,0,0.38
6892,0,0.28
6893,0,0.43
6894,0,0.25
6895,1,0.53
6896,0,0.38
6897,0,0.25
6898,0,0.41
6899,0,0.38
6900,0,0.35
6901,0,0.42
6902,0,0.34
6903,0,0.48
6904,0,0.36
6905,0,0.49
6906,0,0.35
6907,0,0.36
6908,0,0.4
6909,0,0.28
6910,0,0.34
6911,0,0.45
6912,0,0.42
6913,0,0.39
6914,0,0.44
6915,0,0.47
6916,0,0.42
6917,0,0.43
6918,0,0.37
6919,0,0.39
6920,0,0.41
6921,0,0.36
6922,0,0.4
6923,0,0.46
6924,0,0.37
6925,0,0.47
6926,0,0.32
6927,0,0.34
6928,0,0.26
6929,0,0.35
6930,0,0.36
6931,0,0.48
6932,0,0.42
6933,0,0.31
6934,0,0.48
6935,0,0.43
6936,0,0.47
6937,0,0.46
6938,0,0.38
6939,0,0.41
6940,0,0.4
6941,0,0.36
6942,0,0.37
6943,1,0.56
6944,0,0.25
6945,0,0.34
6946,0,0.42
6947,0,0.39
6948,0,0.42
6949,0,0.43
6950,0,0.4
6951,0,0.3
6952,0,0.41
6953,0,0.44
6954,0,0.39
6955,0,0.32
6956,0,0.29
6957,1,0.51
6958,0,0.42
6959,0,0.31
6960,0,0.42
6961,0,0.46
6962,0,0.35
6963,0,0.41
6964,0,0.45
6965,0,0.35
6966,0,0.41
6967,0,0.4
6968,0,0.42
6969,0,0.41
6970,0,0.32
6971,0,0.47
6972,0,0.41
6973,0,0.44
6974,0,0.43
6975,0,0.42
6976,0,0.32
6977,0,0.36
6978,0,0.31
6979,0,0.42
6980,0,0.31
6981,0,0.46
6982,0,0.25
6983,0,0.36
6984,0,0.33
6985,0,0.33
6986,0,0.39
6987,0,0.38
6988,0,0.45
6989,0,0.35
6990,0,0.32
6991,0,0.4
6992,0,0.43
6993,0,0.43
6994,0,0.42
6995,0,0.43
6996,0,0.39
6997,0,0.37
6998,0,0.34
6999,0,0.32
7000,0,0.3
7001,0,0.44
7002,0,0.31
7003,0,0.42
7004,0,0.38
7005,0,0.42
7006,0,0.36
7007,0,0.42
7008,1,0.5
7009,1,0.54
7010,0,0.33
7011,1,0.55
7012,0,0.28
7013,0,0.37
7014,0,0.42
7015,0,0.43
7016,0,0.43
7017,0,0.31
7018,0,0.41
7019,0,0.43
7020,0,0.4
7021,0,0.33
7022,0,0.34
7023,0,0.43
7024,0,0.41
7025,0,0.43
7026,0,0.39
7027,0,0.3
7028,0,0.33
7029,0,0.4
7030,0,0.37
7031,0,0.34
7032,1,0.5
7033,1,0.54
7034,0,0.41
7035,0,0.42
7036,0,0.34
7037,0,0.34
7038,0,0.44
7039,0,0.32
7040,0,0.42
7041,0,0.31
7042,1,0.51
7043,0,0.45
